,LastMonthBetAmount,LastWeekBetAmount,YesterdayBetAmount,LastSixMonthsBetAmount,MonthBeforeLastMonthBetAmount,ThisMonthBetAmount,TotalBetAmount,TotalDeposit,LastMonthDeposit,YesterdayDeposit,LastWeekDeposit,LastSixMonthsDeposit,MonthBeforeLastMonthDeposit,LastMonthGGR,LastSixMonthsGGR,LastWeekGGR,MonthBeforeLastMonthGGR,ThisMonthGGR,YesterdayGGR,LastMonthBonusWagered,LastSixMonthsBonusWagered,LastWeekBonusWagered,MonthBeforeLastMonthBonusWagered,TotalBonusWagered,YesterdayBonusWagered,LastMonthNGR,LastSixMonthsNGR,LastWeekNGR,MonthBeforeLastMonthNGR,ThisMonthNGR,TotalNGR,YesterdayNGR,recordCreated
0,0.0,0.0,54,0.0,0.0,0.0,0.0,0.0,0.0,55,0.0,0.0,0.0,,0.0,,0.0,0.0,56,0.0,0.0,,0.0,0.0,1,0.0,0.0,0.0,0.0,0.0,0.0,79,2019-01-01
1,0.0,0.0,54,0.0,0.0,0.0,0.0,0.0,0.0,55,0.0,0.0,0.0,0.0,0.0,0.0,0.0,0.0,56,0.0,0.0,0.0,0.0,0.0,1,0.0,0.0,0.0,0.0,0.0,0.0,79,2019-01-02
2,,,54,,,,,,,55,,,,,,,,,56,,,,,,1,,,,,,,79,2019-01-03
3,0.0,0.0,54,0.0,0.0,0.0,0.0,0.0,0.0,55,0.0,0.0,0.0,0.0,0.0,0.0,0.0,0.0,56,0.0,0.0,0.0,0.0,0.0,1,0.0,0.0,0.0,0.0,0.0,0.0,79,2019-01-04
4,,,65,,,,,,,23,,,,,,,,,42,,,,,,54,,,,,,,89,2019-01-04
5,,,65,,,,,,,23,,,,,,,,,42,,,,,,54,,,,,,,89,2019-01-05
6,,,65,,,,,,,23,,,,,,,,,42,,,,,,54,,,,,,,89,2019-01-06
7,,,65,,,,,,,23,,,,,,,,,42,,,,,,54,,,,,,,89,2019-01-07
8,,,65,,,,,,,23,,,,,,,,,42,,,,,,54,,,,,,,89,2019-01-08
9,,,65,,,,,,,23,,,,,,,,,42,,,,,,54,,,,,,,89,2019-01-09
10,,,65,,,,,,,23,,,,,,,,,42,,,,,,54,,,,,,,89,2019-01-10
11,,,65,,,,,,,23,,,,,,,,,42,,,,,,54,,,,,,,89,2019-01-11
12,,,65,,,,,,,23,,,,,,,,,42,,,,,,54,,,,,,,89,2019-01-12
13,,,65,,,,,,,23,,,,,,,,,42,,,,,,54,,,,,,,89,2019-01-13
14,,,65,,,,,,,23,,,,,,,,,42,,,,,,54,,,,,,,89,2019-01-14
15,,,65,,,,,,,23,,,,,,,,,42,,,,,,54,,,,,,,89,2019-01-15
16,,,65,,,,,,,23,,,,,,,,,42,,,,,,54,,,,,,,89,2019-01-16
17,,,65,,,,,,,23,,,,,,,,,42,,,,,,54,,,,,,,89,2019-01-17
18,,,65,,,,,,,23,,,,,,,,,42,,,,,,54,,,,,,,89,2019-01-18
19,,,65,,,,,,,23,,,,,,,,,42,,,,,,54,,,,,,,89,2019-01-19
20,,,65,,,,,,,23,,,,,,,,,42,,,,,,54,,,,,,,89,2019-01-20
21,,,65,,,,,,,23,,,,,,,,,42,,,,,,54,,,,,,,89,2019-01-21
22,,,65,,,,,,,23,,,,,,,,,42,,,,,,54,,,,,,,89,2019-01-22
23,,,65,,,,,,,23,,,,,,,,,42,,,,,,54,,,,,,,89,2019-01-23
24,,,65,,,,,,,23,,,,,,,,,42,,,,,,54,,,,,,,89,2019-01-24
25,,,65,,,,,,,23,,,,,,,,,42,,,,,,54,,,,,,,89,2019-01-25
26,,,65,,,,,,,23,,,,,,,,,42,,,,,,54,,,,,,,89,2019-01-26
27,,,65,,,,,,,23,,,,,,,,,42,,,,,,54,,,,,,,89,2019-01-27
28,,,65,,,,,,,23,,,,,,,,,42,,,,,,54,,,,,,,89,2019-01-28
29,,,65,,,,,,,23,,,,,,,,,42,,,,,,54,,,,,,,89,2019-01-29
30,,,65,,,,,,,23,,,,,,,,,42,,,,,,54,,,,,,,89,2019-01-30
31,,,65,,,,,,,23,,,,,,,,,42,,,,,,54,,,,,,,89,2019-01-31
32,,,65,,,,,,,23,,,,,,,,,42,,,,,,54,,,,,,,89,2019-02-01
33,,,65,,,,,,,23,,,,,,,,,42,,,,,,54,,,,,,,89,2019-02-02
34,,,65,,,,,,,23,,,,,,,,,42,,,,,,54,,,,,,,89,2019-02-03
35,,,65,,,,,,,23,,,,,,,,,42,,,,,,54,,,,,,,89,2019-02-04
36,,,65,,,,,,,23,,,,,,,,,42,,,,,,54,,,,,,,89,2019-02-05
37,,,65,,,,,,,23,,,,,,,,,42,,,,,,54,,,,,,,89,2019-02-06
38,,,65,,,,,,,23,,,,,,,,,42,,,,,,54,,,,,,,89,2019-02-07
39,,,65,,,,,,,23,,,,,,,,,42,,,,,,54,,,,,,,89,2019-02-08
40,,,65,,,,,,,23,,,,,,,,,42,,,,,,54,,,,,,,89,2019-02-09
41,,,65,,,,,,,23,,,,,,,,,42,,,,,,54,,,,,,,89,2019-02-10
42,,,65,,,,,,,23,,,,,,,,,42,,,,,,54,,,,,,,89,2019-02-11
43,,,65,,,,,,,23,,,,,,,,,42,,,,,,54,,,,,,,89,2019-02-12
44,,,65,,,,,,,23,,,,,,,,,42,,,,,,54,,,,,,,89,2019-02-13
45,,,65,,,,,,,23,,,,,,,,,42,,,,,,54,,,,,,,89,2019-02-14
46,,,65,,,,,,,23,,,,,,,,,42,,,,,,54,,,,,,,89,2019-02-15
47,,,65,,,,,,,23,,,,,,,,,42,,,,,,54,,,,,,,89,2019-02-16
48,,,65,,,,,,,23,,,,,,,,,42,,,,,,54,,,,,,,89,2019-02-17
49,,,65,,,,,,,23,,,,,,,,,42,,,,,,54,,,,,,,89,2019-02-18
50,,,65,,,,,,,23,,,,,,,,,42,,,,,,54,,,,,,,89,2019-02-19
51,,,65,,,,,,,23,,,,,,,,,42,,,,,,54,,,,,,,89,2019-02-20
52,,,65,,,,,,,23,,,,,,,,,42,,,,,,54,,,,,,,89,2019-02-21
53,,,65,,,,,,,23,,,,,,,,,42,,,,,,54,,,,,,,89,2019-02-22
54,,,65,,,,,,,23,,,,,,,,,42,,,,,,54,,,,,,,89,2019-02-23
55,,,65,,,,,,,23,,,,,,,,,42,,,,,,54,,,,,,,89,2019-02-24
56,,,65,,,,,,,23,,,,,,,,,42,,,,,,54,,,,,,,89,2019-02-25
57,,,65,,,,,,,23,,,,,,,,,42,,,,,,54,,,,,,,89,2019-02-26
58,,,65,,,,,,,23,,,,,,,,,42,,,,,,54,,,,,,,89,2019-02-27
59,,,65,,,,,,,23,,,,,,,,,42,,,,,,54,,,,,,,89,2019-02-28
60,,,65,,,,,,,23,,,,,,,,,42,,,,,,54,,,,,,,89,2019-03-01
61,,,65,,,,,,,23,,,,,,,,,42,,,,,,54,,,,,,,89,2019-03-02
62,,,65,,,,,,,23,,,,,,,,,42,,,,,,54,,,,,,,89,2019-03-03
63,,,65,,,,,,,23,,,,,,,,,42,,,,,,54,,,,,,,89,2019-03-04
64,,,65,,,,,,,23,,,,,,,,,42,,,,,,54,,,,,,,89,2019-03-05
65,,,65,,,,,,,23,,,,,,,,,42,,,,,,54,,,,,,,89,2019-03-06
66,,,65,,,,,,,23,,,,,,,,,42,,,,,,54,,,,,,,89,2019-03-07
67,,,65,,,,,,,23,,,,,,,,,42,,,,,,54,,,,,,,89,2019-03-08
68,,,65,,,,,,,23,,,,,,,,,42,,,,,,54,,,,,,,89,2019-03-09
69,,,65,,,,,,,23,,,,,,,,,42,,,,,,54,,,,,,,89,2019-03-10
70,,,65,,,,,,,23,,,,,,,,,42,,,,,,54,,,,,,,89,2019-03-11
71,,,65,,,,,,,23,,,,,,,,,42,,,,,,54,,,,,,,89,2019-03-12
72,,,65,,,,,,,23,,,,,,,,,42,,,,,,54,,,,,,,89,2019-03-13
73,,,65,,,,,,,23,,,,,,,,,42,,,,,,54,,,,,,,89,2019-03-14
74,,,65,,,,,,,23,,,,,,,,,42,,,,,,54,,,,,,,89,2019-03-15
75,,,65,,,,,,,23,,,,,,,,,42,,,,,,54,,,,,,,89,2019-03-16
76,,,65,,,,,,,23,,,,,,,,,42,,,,,,54,,,,,,,89,2019-03-17
77,,,65,,,,,,,23,,,,,,,,,42,,,,,,54,,,,,,,89,2019-03-18
78,,,65,,,,,,,23,,,,,,,,,42,,,,,,54,,,,,,,89,2019-03-19
79,,,65,,,,,,,23,,,,,,,,,42,,,,,,54,,,,,,,89,2019-03-20
80,,,65,,,,,,,23,,,,,,,,,42,,,,,,54,,,,,,,89,2019-03-21
81,,,65,,,,,,,23,,,,,,,,,42,,,,,,54,,,,,,,89,2019-03-22
82,,,65,,,,,,,23,,,,,,,,,42,,,,,,54,,,,,,,89,2019-03-23
83,,,65,,,,,,,23,,,,,,,,,42,,,,,,54,,,,,,,89,2019-03-24
84,,,65,,,,,,,23,,,,,,,,,42,,,,,,54,,,,,,,89,2019-03-25
85,,,65,,,,,,,23,,,,,,,,,42,,,,,,54,,,,,,,89,2019-03-26
86,,,65,,,,,,,23,,,,,,,,,42,,,,,,54,,,,,,,89,2019-03-27
87,,,65,,,,,,,23,,,,,,,,,42,,,,,,54,,,,,,,89,2019-03-28
88,,,65,,,,,,,23,,,,,,,,,42,,,,,,54,,,,,,,89,2019-03-29
89,,,65,,,,,,,23,,,,,,,,,42,,,,,,54,,,,,,,89,2019-03-30
90,,,65,,,,,,,23,,,,,,,,,42,,,,,,54,,,,,,,89,2019-03-31
91,,,65,,,,,,,23,,,,,,,,,42,,,,,,54,,,,,,,89,2019-04-01
92,,,65,,,,,,,23,,,,,,,,,42,,,,,,54,,,,,,,89,2019-04-02
93,,,65,,,,,,,23,,,,,,,,,42,,,,,,54,,,,,,,89,2019-04-03
94,,,65,,,,,,,23,,,,,,,,,42,,,,,,54,,,,,,,89,2019-04-04
95,,,65,,,,,,,23,,,,,,,,,42,,,,,,54,,,,,,,89,2019-04-05
96,,,65,,,,,,,23,,,,,,,,,42,,,,,,54,,,,,,,89,2019-04-06
97,,,65,,,,,,,23,,,,,,,,,42,,,,,,54,,,,,,,89,2019-04-07
98,,,65,,,,,,,23,,,,,,,,,42,,,,,,54,,,,,,,89,2019-04-08
99,,,65,,,,,,,23,,,,,,,,,42,,,,,,54,,,,,,,89,2019-04-09
100,,,65,,,,,,,23,,,,,,,,,42,,,,,,54,,,,,,,89,2019-04-10
101,,,65,,,,,,,23,,,,,,,,,42,,,,,,54,,,,,,,89,2019-04-11
102,,,65,,,,,,,23,,,,,,,,,42,,,,,,54,,,,,,,89,2019-04-12
103,,,65,,,,,,,23,,,,,,,,,42,,,,,,54,,,,,,,89,2019-04-13
104,,,65,,,,,,,23,,,,,,,,,42,,,,,,54,,,,,,,89,2019-04-14
105,,,65,,,,,,,23,,,,,,,,,42,,,,,,54,,,,,,,89,2019-04-15
106,,,65,,,,,,,23,,,,,,,,,42,,,,,,54,,,,,,,89,2019-04-16
107,,,65,,,,,,,23,,,,,,,,,42,,,,,,54,,,,,,,89,2019-04-17
108,,,65,,,,,,,23,,,,,,,,,42,,,,,,54,,,,,,,89,2019-04-18
109,,,65,,,,,,,23,,,,,,,,,42,,,,,,54,,,,,,,89,2019-04-19
110,,,65,,,,,,,23,,,,,,,,,42,,,,,,54,,,,,,,89,2019-04-20
111,,,65,,,,,,,23,,,,,,,,,42,,,,,,54,,,,,,,89,2019-04-21
112,,,65,,,,,,,23,,,,,,,,,42,,,,,,54,,,,,,,89,2019-04-22
113,,,65,,,,,,,23,,,,,,,,,42,,,,,,54,,,,,,,89,2019-04-23
114,,,65,,,,,,,23,,,,,,,,,42,,,,,,54,,,,,,,89,2019-04-24
115,,,65,,,,,,,23,,,,,,,,,42,,,,,,54,,,,,,,89,2019-04-25
116,,,65,,,,,,,23,,,,,,,,,42,,,,,,54,,,,,,,89,2019-04-26
117,,,65,,,,,,,23,,,,,,,,,42,,,,,,54,,,,,,,89,2019-04-27
118,,,65,,,,,,,23,,,,,,,,,42,,,,,,54,,,,,,,89,2019-04-28
119,,,65,,,,,,,23,,,,,,,,,42,,,,,,54,,,,,,,89,2019-04-29
120,,,65,,,,,,,23,,,,,,,,,42,,,,,,54,,,,,,,89,2019-04-30
121,,,65,,,,,,,23,,,,,,,,,42,,,,,,54,,,,,,,89,2019-05-01
122,,,65,,,,,,,23,,,,,,,,,42,,,,,,54,,,,,,,89,2019-05-02
123,,,65,,,,,,,23,,,,,,,,,42,,,,,,54,,,,,,,89,2019-05-03
124,,,65,,,,,,,23,,,,,,,,,42,,,,,,54,,,,,,,89,2019-05-04
125,,,65,,,,,,,23,,,,,,,,,42,,,,,,54,,,,,,,89,2019-05-05
126,,,65,,,,,,,23,,,,,,,,,42,,,,,,54,,,,,,,89,2019-05-06
127,,,65,,,,,,,23,,,,,,,,,42,,,,,,54,,,,,,,89,2019-05-07
128,,,65,,,,,,,23,,,,,,,,,42,,,,,,54,,,,,,,89,2019-05-08
129,,,65,,,,,,,23,,,,,,,,,42,,,,,,54,,,,,,,89,2019-05-09
130,,,65,,,,,,,23,,,,,,,,,42,,,,,,54,,,,,,,89,2019-05-10
131,,,65,,,,,,,23,,,,,,,,,42,,,,,,54,,,,,,,89,2019-05-11
132,,,65,,,,,,,23,,,,,,,,,42,,,,,,54,,,,,,,89,2019-05-12
133,,,65,,,,,,,23,,,,,,,,,42,,,,,,54,,,,,,,89,2019-05-13
134,,,65,,,,,,,23,,,,,,,,,42,,,,,,54,,,,,,,89,2019-05-14
135,,,65,,,,,,,23,,,,,,,,,42,,,,,,54,,,,,,,89,2019-05-15
136,,,65,,,,,,,23,,,,,,,,,42,,,,,,54,,,,,,,89,2019-05-16
137,,,65,,,,,,,23,,,,,,,,,42,,,,,,54,,,,,,,89,2019-05-17
138,,,65,,,,,,,23,,,,,,,,,42,,,,,,54,,,,,,,89,2019-05-18
139,,,65,,,,,,,23,,,,,,,,,42,,,,,,54,,,,,,,89,2019-05-19
140,,,65,,,,,,,23,,,,,,,,,42,,,,,,54,,,,,,,89,2019-05-20
141,,,65,,,,,,,23,,,,,,,,,42,,,,,,54,,,,,,,89,2019-05-21
142,,,65,,,,,,,23,,,,,,,,,42,,,,,,54,,,,,,,89,2019-05-22
143,,,65,,,,,,,23,,,,,,,,,42,,,,,,54,,,,,,,89,2019-05-23
144,,,65,,,,,,,23,,,,,,,,,42,,,,,,54,,,,,,,89,2019-05-24
145,,,65,,,,,,,23,,,,,,,,,42,,,,,,54,,,,,,,89,2019-05-25
146,,,65,,,,,,,23,,,,,,,,,42,,,,,,54,,,,,,,89,2019-05-26
147,,,65,,,,,,,23,,,,,,,,,42,,,,,,54,,,,,,,89,2019-05-27
148,,,65,,,,,,,23,,,,,,,,,42,,,,,,54,,,,,,,89,2019-05-28
149,,,65,,,,,,,23,,,,,,,,,42,,,,,,54,,,,,,,89,2019-05-29
150,,,65,,,,,,,23,,,,,,,,,42,,,,,,54,,,,,,,89,2019-05-30
151,,,65,,,,,,,23,,,,,,,,,42,,,,,,54,,,,,,,89,2019-05-31
152,,,65,,,,,,,23,,,,,,,,,42,,,,,,54,,,,,,,89,2019-06-01
153,,,65,,,,,,,23,,,,,,,,,42,,,,,,54,,,,,,,89,2019-06-02
154,,,65,,,,,,,23,,,,,,,,,42,,,,,,54,,,,,,,89,2019-06-03
155,,,65,,,,,,,23,,,,,,,,,42,,,,,,54,,,,,,,89,2019-06-04
156,,,65,,,,,,,23,,,,,,,,,42,,,,,,54,,,,,,,89,2019-06-05
157,,,65,,,,,,,23,,,,,,,,,42,,,,,,54,,,,,,,89,2019-06-06
158,,,65,,,,,,,23,,,,,,,,,42,,,,,,54,,,,,,,89,2019-06-07
159,,,65,,,,,,,23,,,,,,,,,42,,,,,,54,,,,,,,89,2019-06-08
160,,,65,,,,,,,23,,,,,,,,,42,,,,,,54,,,,,,,89,2019-06-09
161,,,65,,,,,,,23,,,,,,,,,42,,,,,,54,,,,,,,89,2019-06-10
162,,,65,,,,,,,23,,,,,,,,,42,,,,,,54,,,,,,,89,2019-06-11
163,,,65,,,,,,,23,,,,,,,,,42,,,,,,54,,,,,,,89,2019-06-12
164,,,65,,,,,,,23,,,,,,,,,42,,,,,,54,,,,,,,89,2019-06-13
165,,,65,,,,,,,23,,,,,,,,,42,,,,,,54,,,,,,,89,2019-06-14
166,,,65,,,,,,,23,,,,,,,,,42,,,,,,54,,,,,,,89,2019-06-15
167,,,65,,,,,,,23,,,,,,,,,42,,,,,,54,,,,,,,89,2019-06-16
168,,,65,,,,,,,23,,,,,,,,,42,,,,,,54,,,,,,,89,2019-06-17
169,,,65,,,,,,,23,,,,,,,,,42,,,,,,54,,,,,,,89,2019-06-18
170,,,65,,,,,,,23,,,,,,,,,42,,,,,,54,,,,,,,89,2019-06-19
171,,,65,,,,,,,23,,,,,,,,,42,,,,,,54,,,,,,,89,2019-06-20
172,,,65,,,,,,,23,,,,,,,,,42,,,,,,54,,,,,,,89,2019-06-21
173,,,65,,,,,,,23,,,,,,,,,42,,,,,,54,,,,,,,89,2019-06-22
174,,,65,,,,,,,23,,,,,,,,,42,,,,,,54,,,,,,,89,2019-06-23
175,,,65,,,,,,,23,,,,,,,,,42,,,,,,54,,,,,,,89,2019-06-24
176,,,65,,,,,,,23,,,,,,,,,42,,,,,,54,,,,,,,89,2019-06-25
177,,,65,,,,,,,23,,,,,,,,,42,,,,,,54,,,,,,,89,2019-06-26
178,,,65,,,,,,,23,,,,,,,,,42,,,,,,54,,,,,,,89,2019-06-27
179,,,65,,,,,,,23,,,,,,,,,42,,,,,,54,,,,,,,89,2019-06-28
180,,,65,,,,,,,23,,,,,,,,,42,,,,,,54,,,,,,,89,2019-06-29
181,,,65,,,,,,,23,,,,,,,,,42,,,,,,54,,,,,,,89,2019-06-30
182,,,65,,,,,,,23,,,,,,,,,42,,,,,,54,,,,,,,89,2019-07-01
183,,,65,,,,,,,23,,,,,,,,,42,,,,,,54,,,,,,,89,2019-07-02
184,,,65,,,,,,,23,,,,,,,,,42,,,,,,54,,,,,,,89,2019-07-03
185,,,65,,,,,,,23,,,,,,,,,42,,,,,,54,,,,,,,89,2019-07-04
186,,,65,,,,,,,23,,,,,,,,,42,,,,,,54,,,,,,,89,2019-07-05
187,,,65,,,,,,,23,,,,,,,,,42,,,,,,54,,,,,,,89,2019-07-06
188,,,65,,,,,,,23,,,,,,,,,42,,,,,,54,,,,,,,89,2019-07-07
189,,,65,,,,,,,23,,,,,,,,,42,,,,,,54,,,,,,,89,2019-07-08
190,,,65,,,,,,,23,,,,,,,,,42,,,,,,54,,,,,,,89,2019-07-09
191,,,65,,,,,,,23,,,,,,,,,42,,,,,,54,,,,,,,89,2019-07-10
192,,,65,,,,,,,23,,,,,,,,,42,,,,,,54,,,,,,,89,2019-07-11
193,,,65,,,,,,,23,,,,,,,,,42,,,,,,54,,,,,,,89,2019-07-12
194,,,65,,,,,,,23,,,,,,,,,42,,,,,,54,,,,,,,89,2019-07-13
195,,,65,,,,,,,23,,,,,,,,,42,,,,,,54,,,,,,,89,2019-07-14
196,,,65,,,,,,,23,,,,,,,,,42,,,,,,54,,,,,,,89,2019-07-15
197,,,65,,,,,,,23,,,,,,,,,42,,,,,,54,,,,,,,89,2019-07-16
198,,,65,,,,,,,23,,,,,,,,,42,,,,,,54,,,,,,,89,2019-07-17
199,,,65,,,,,,,23,,,,,,,,,42,,,,,,54,,,,,,,89,2019-07-18
200,,,65,,,,,,,23,,,,,,,,,42,,,,,,54,,,,,,,89,2019-07-19
201,,,65,,,,,,,23,,,,,,,,,42,,,,,,54,,,,,,,89,2019-07-20
202,,,65,,,,,,,23,,,,,,,,,42,,,,,,54,,,,,,,89,2019-07-21
203,,,65,,,,,,,23,,,,,,,,,42,,,,,,54,,,,,,,89,2019-07-22
204,,,65,,,,,,,23,,,,,,,,,42,,,,,,54,,,,,,,89,2019-07-23
205,,,65,,,,,,,23,,,,,,,,,42,,,,,,54,,,,,,,89,2019-07-24
206,,,65,,,,,,,23,,,,,,,,,42,,,,,,54,,,,,,,89,2019-07-25
207,,,65,,,,,,,23,,,,,,,,,42,,,,,,54,,,,,,,89,2019-07-26
208,,,65,,,,,,,23,,,,,,,,,42,,,,,,54,,,,,,,89,2019-07-27
209,,,65,,,,,,,23,,,,,,,,,42,,,,,,54,,,,,,,89,2019-07-28
210,,,65,,,,,,,23,,,,,,,,,42,,,,,,54,,,,,,,89,2019-07-29
211,,,65,,,,,,,23,,,,,,,,,42,,,,,,54,,,,,,,89,2019-07-30
212,,,65,,,,,,,23,,,,,,,,,42,,,,,,54,,,,,,,89,2019-07-31
213,,,65,,,,,,,23,,,,,,,,,42,,,,,,54,,,,,,,89,2019-08-01
214,,,65,,,,,,,23,,,,,,,,,42,,,,,,54,,,,,,,89,2019-08-02
215,,,65,,,,,,,23,,,,,,,,,42,,,,,,54,,,,,,,89,2019-08-03
216,,,65,,,,,,,23,,,,,,,,,42,,,,,,54,,,,,,,89,2019-08-04
217,,,65,,,,,,,23,,,,,,,,,42,,,,,,54,,,,,,,89,2019-08-05
218,,,65,,,,,,,23,,,,,,,,,42,,,,,,54,,,,,,,89,2019-08-06
219,,,65,,,,,,,23,,,,,,,,,42,,,,,,54,,,,,,,89,2019-08-07
220,,,65,,,,,,,23,,,,,,,,,42,,,,,,54,,,,,,,89,2019-08-08
221,,,65,,,,,,,23,,,,,,,,,42,,,,,,54,,,,,,,89,2019-08-09
222,,,65,,,,,,,23,,,,,,,,,42,,,,,,54,,,,,,,89,2019-08-10
223,,,65,,,,,,,23,,,,,,,,,42,,,,,,54,,,,,,,89,2019-08-11
224,,,65,,,,,,,23,,,,,,,,,42,,,,,,54,,,,,,,89,2019-08-12
225,,,65,,,,,,,23,,,,,,,,,42,,,,,,54,,,,,,,89,2019-08-13
226,,,65,,,,,,,23,,,,,,,,,42,,,,,,54,,,,,,,89,2019-08-14
227,,,65,,,,,,,23,,,,,,,,,42,,,,,,54,,,,,,,89,2019-08-15
228,,,65,,,,,,,23,,,,,,,,,42,,,,,,54,,,,,,,89,2019-08-16
229,,,65,,,,,,,23,,,,,,,,,42,,,,,,54,,,,,,,89,2019-08-17
230,,,65,,,,,,,23,,,,,,,,,42,,,,,,54,,,,,,,89,2019-08-18
231,,,65,,,,,,,23,,,,,,,,,42,,,,,,54,,,,,,,89,2019-08-19
232,,,65,,,,,,,23,,,,,,,,,42,,,,,,54,,,,,,,89,2019-08-20
233,,,65,,,,,,,23,,,,,,,,,42,,,,,,54,,,,,,,89,2019-08-21
234,,,65,,,,,,,23,,,,,,,,,42,,,,,,54,,,,,,,89,2019-08-22
235,,,65,,,,,,,23,,,,,,,,,42,,,,,,54,,,,,,,89,2019-08-23
236,,,65,,,,,,,23,,,,,,,,,42,,,,,,54,,,,,,,89,2019-08-24
237,,,65,,,,,,,23,,,,,,,,,42,,,,,,54,,,,,,,89,2019-08-25
238,,,65,,,,,,,23,,,,,,,,,42,,,,,,54,,,,,,,89,2019-08-26
239,,,65,,,,,,,23,,,,,,,,,42,,,,,,54,,,,,,,89,2019-08-27
240,,,65,,,,,,,23,,,,,,,,,42,,,,,,54,,,,,,,89,2019-08-28
241,,,65,,,,,,,23,,,,,,,,,42,,,,,,54,,,,,,,89,2019-08-29
242,,,65,,,,,,,23,,,,,,,,,42,,,,,,54,,,,,,,89,2019-08-30
243,,,65,,,,,,,23,,,,,,,,,42,,,,,,54,,,,,,,89,2019-08-31
244,,,65,,,,,,,23,,,,,,,,,42,,,,,,54,,,,,,,89,2019-09-01
245,,,65,,,,,,,23,,,,,,,,,42,,,,,,54,,,,,,,89,2019-09-02
246,,,65,,,,,,,23,,,,,,,,,42,,,,,,54,,,,,,,89,2019-09-03
247,,,65,,,,,,,23,,,,,,,,,42,,,,,,54,,,,,,,89,2019-09-04
248,,,65,,,,,,,23,,,,,,,,,42,,,,,,54,,,,,,,89,2019-09-05
249,,,65,,,,,,,23,,,,,,,,,42,,,,,,54,,,,,,,89,2019-09-06
250,,,65,,,,,,,23,,,,,,,,,42,,,,,,54,,,,,,,89,2019-09-07
251,,,65,,,,,,,23,,,,,,,,,42,,,,,,54,,,,,,,89,2019-09-08
252,,,65,,,,,,,23,,,,,,,,,42,,,,,,54,,,,,,,89,2019-09-09
253,,,65,,,,,,,23,,,,,,,,,42,,,,,,54,,,,,,,89,2019-09-10
254,,,65,,,,,,,23,,,,,,,,,42,,,,,,54,,,,,,,89,2019-09-11
255,,,65,,,,,,,23,,,,,,,,,42,,,,,,54,,,,,,,89,2019-09-12
256,,,65,,,,,,,23,,,,,,,,,42,,,,,,54,,,,,,,89,2019-09-13
257,,,65,,,,,,,23,,,,,,,,,42,,,,,,54,,,,,,,89,2019-09-14
258,,,65,,,,,,,23,,,,,,,,,42,,,,,,54,,,,,,,89,2019-09-15
259,,,65,,,,,,,23,,,,,,,,,42,,,,,,54,,,,,,,89,2019-09-16
260,,,65,,,,,,,23,,,,,,,,,42,,,,,,54,,,,,,,89,2019-09-17
261,,,65,,,,,,,23,,,,,,,,,42,,,,,,54,,,,,,,89,2019-09-18
262,,,65,,,,,,,23,,,,,,,,,42,,,,,,54,,,,,,,89,2019-09-19
263,,,65,,,,,,,23,,,,,,,,,42,,,,,,54,,,,,,,89,2019-09-20
264,,,65,,,,,,,23,,,,,,,,,42,,,,,,54,,,,,,,89,2019-09-21
265,,,65,,,,,,,23,,,,,,,,,42,,,,,,54,,,,,,,89,2019-09-22
266,,,65,,,,,,,23,,,,,,,,,42,,,,,,54,,,,,,,89,2019-09-23
267,,,65,,,,,,,23,,,,,,,,,42,,,,,,54,,,,,,,89,2019-09-24
268,,,65,,,,,,,23,,,,,,,,,42,,,,,,54,,,,,,,89,2019-09-25
269,,,65,,,,,,,23,,,,,,,,,42,,,,,,54,,,,,,,89,2019-09-26
270,,,65,,,,,,,23,,,,,,,,,42,,,,,,54,,,,,,,89,2019-09-27
271,,,65,,,,,,,23,,,,,,,,,42,,,,,,54,,,,,,,89,2019-09-28
272,,,65,,,,,,,23,,,,,,,,,42,,,,,,54,,,,,,,89,2019-09-29
273,,,65,,,,,,,23,,,,,,,,,42,,,,,,54,,,,,,,89,2019-09-30
274,,,65,,,,,,,23,,,,,,,,,42,,,,,,54,,,,,,,89,2019-10-01
275,,,65,,,,,,,23,,,,,,,,,42,,,,,,54,,,,,,,89,2019-10-02
276,,,65,,,,,,,23,,,,,,,,,42,,,,,,54,,,,,,,89,2019-10-03
277,,,65,,,,,,,23,,,,,,,,,42,,,,,,54,,,,,,,89,2019-10-04
278,,,65,,,,,,,23,,,,,,,,,42,,,,,,54,,,,,,,89,2019-10-05
279,,,65,,,,,,,23,,,,,,,,,42,,,,,,54,,,,,,,89,2019-10-06
280,,,65,,,,,,,23,,,,,,,,,42,,,,,,54,,,,,,,89,2019-10-07
281,,,65,,,,,,,23,,,,,,,,,42,,,,,,54,,,,,,,89,2019-10-08
282,,,65,,,,,,,23,,,,,,,,,42,,,,,,54,,,,,,,89,2019-10-09
283,,,65,,,,,,,23,,,,,,,,,42,,,,,,54,,,,,,,89,2019-10-10
284,,,65,,,,,,,23,,,,,,,,,42,,,,,,54,,,,,,,89,2019-10-11
285,,,65,,,,,,,23,,,,,,,,,42,,,,,,54,,,,,,,89,2019-10-12
286,,,65,,,,,,,23,,,,,,,,,42,,,,,,54,,,,,,,89,2019-10-13
287,,,65,,,,,,,23,,,,,,,,,42,,,,,,54,,,,,,,89,2019-10-14
288,,,65,,,,,,,23,,,,,,,,,42,,,,,,54,,,,,,,89,2019-10-15
289,,,65,,,,,,,23,,,,,,,,,42,,,,,,54,,,,,,,89,2019-10-16
290,,,65,,,,,,,23,,,,,,,,,42,,,,,,54,,,,,,,89,2019-10-17
291,,,65,,,,,,,23,,,,,,,,,42,,,,,,54,,,,,,,89,2019-10-18
292,,,65,,,,,,,23,,,,,,,,,42,,,,,,54,,,,,,,89,2019-10-19
293,,,65,,,,,,,23,,,,,,,,,42,,,,,,54,,,,,,,89,2019-10-20
294,,,65,,,,,,,23,,,,,,,,,42,,,,,,54,,,,,,,89,2019-10-21
295,,,65,,,,,,,23,,,,,,,,,42,,,,,,54,,,,,,,89,2019-10-22
296,,,65,,,,,,,23,,,,,,,,,42,,,,,,54,,,,,,,89,2019-10-23
297,,,65,,,,,,,23,,,,,,,,,42,,,,,,54,,,,,,,89,2019-10-24
298,,,65,,,,,,,23,,,,,,,,,42,,,,,,54,,,,,,,89,2019-10-25
299,,,65,,,,,,,23,,,,,,,,,42,,,,,,54,,,,,,,89,2019-10-26
300,,,65,,,,,,,23,,,,,,,,,42,,,,,,54,,,,,,,89,2019-10-27
301,,,65,,,,,,,23,,,,,,,,,42,,,,,,54,,,,,,,89,2019-10-28
302,,,65,,,,,,,23,,,,,,,,,42,,,,,,54,,,,,,,89,2019-10-29
303,,,65,,,,,,,23,,,,,,,,,42,,,,,,54,,,,,,,89,2019-10-30
304,,,65,,,,,,,23,,,,,,,,,42,,,,,,54,,,,,,,89,2019-10-31
305,,,65,,,,,,,23,,,,,,,,,42,,,,,,54,,,,,,,89,2019-11-01
306,,,65,,,,,,,23,,,,,,,,,42,,,,,,54,,,,,,,89,2019-11-02
307,,,65,,,,,,,23,,,,,,,,,42,,,,,,54,,,,,,,89,2019-11-03
308,,,65,,,,,,,23,,,,,,,,,42,,,,,,54,,,,,,,89,2019-11-04
309,,,65,,,,,,,23,,,,,,,,,42,,,,,,54,,,,,,,89,2019-11-05
310,,,65,,,,,,,23,,,,,,,,,42,,,,,,54,,,,,,,89,2019-11-06
311,,,65,,,,,,,23,,,,,,,,,42,,,,,,54,,,,,,,89,2019-11-07
312,,,65,,,,,,,23,,,,,,,,,42,,,,,,54,,,,,,,89,2019-11-08
313,,,65,,,,,,,23,,,,,,,,,42,,,,,,54,,,,,,,89,2019-11-09
314,,,65,,,,,,,23,,,,,,,,,42,,,,,,54,,,,,,,89,2019-11-10
315,,,65,,,,,,,23,,,,,,,,,42,,,,,,54,,,,,,,89,2019-11-11
316,,,65,,,,,,,23,,,,,,,,,42,,,,,,54,,,,,,,89,2019-11-12
317,,,65,,,,,,,23,,,,,,,,,42,,,,,,54,,,,,,,89,2019-11-13
318,,,65,,,,,,,23,,,,,,,,,42,,,,,,54,,,,,,,89,2019-11-14
319,,,65,,,,,,,23,,,,,,,,,42,,,,,,54,,,,,,,89,2019-11-15
320,,,65,,,,,,,23,,,,,,,,,42,,,,,,54,,,,,,,89,2019-11-16
321,,,65,,,,,,,23,,,,,,,,,42,,,,,,54,,,,,,,89,2019-11-17
322,,,65,,,,,,,23,,,,,,,,,42,,,,,,54,,,,,,,89,2019-11-18
323,,,65,,,,,,,23,,,,,,,,,42,,,,,,54,,,,,,,89,2019-11-19
324,,,65,,,,,,,23,,,,,,,,,42,,,,,,54,,,,,,,89,2019-11-20
325,,,65,,,,,,,23,,,,,,,,,42,,,,,,54,,,,,,,89,2019-11-21
326,,,65,,,,,,,23,,,,,,,,,42,,,,,,54,,,,,,,89,2019-11-22
327,,,65,,,,,,,23,,,,,,,,,42,,,,,,54,,,,,,,89,2019-11-23
328,,,65,,,,,,,23,,,,,,,,,42,,,,,,54,,,,,,,89,2019-11-24
329,,,65,,,,,,,23,,,,,,,,,42,,,,,,54,,,,,,,89,2019-11-25
330,,,65,,,,,,,23,,,,,,,,,42,,,,,,54,,,,,,,89,2019-11-26
331,,,65,,,,,,,23,,,,,,,,,42,,,,,,54,,,,,,,89,2019-11-27
332,,,65,,,,,,,23,,,,,,,,,42,,,,,,54,,,,,,,89,2019-11-28
333,,,65,,,,,,,23,,,,,,,,,42,,,,,,54,,,,,,,89,2019-11-29
334,,,65,,,,,,,23,,,,,,,,,42,,,,,,54,,,,,,,89,2019-11-30
335,,,65,,,,,,,23,,,,,,,,,42,,,,,,54,,,,,,,89,2019-12-01
336,,,65,,,,,,,23,,,,,,,,,42,,,,,,54,,,,,,,89,2019-12-02
337,,,65,,,,,,,23,,,,,,,,,42,,,,,,54,,,,,,,89,2019-12-03
338,,,65,,,,,,,23,,,,,,,,,42,,,,,,54,,,,,,,89,2019-12-04
339,,,65,,,,,,,23,,,,,,,,,42,,,,,,54,,,,,,,89,2019-12-05
340,,,65,,,,,,,23,,,,,,,,,42,,,,,,54,,,,,,,89,2019-12-06
341,,,65,,,,,,,23,,,,,,,,,42,,,,,,54,,,,,,,89,2019-12-07
342,,,65,,,,,,,23,,,,,,,,,42,,,,,,54,,,,,,,89,2019-12-08
343,,,65,,,,,,,23,,,,,,,,,42,,,,,,54,,,,,,,89,2019-12-09
344,,,65,,,,,,,23,,,,,,,,,42,,,,,,54,,,,,,,89,2019-12-10
345,,,65,,,,,,,23,,,,,,,,,42,,,,,,54,,,,,,,89,2019-12-11
346,,,65,,,,,,,23,,,,,,,,,42,,,,,,54,,,,,,,89,2019-12-12
347,,,65,,,,,,,23,,,,,,,,,42,,,,,,54,,,,,,,89,2019-12-13
348,,,65,,,,,,,23,,,,,,,,,42,,,,,,54,,,,,,,89,2019-12-14
349,,,65,,,,,,,23,,,,,,,,,42,,,,,,54,,,,,,,89,2019-12-15
350,,,65,,,,,,,23,,,,,,,,,42,,,,,,54,,,,,,,89,2019-12-16
351,,,65,,,,,,,23,,,,,,,,,42,,,,,,54,,,,,,,89,2019-12-17
352,,,65,,,,,,,23,,,,,,,,,42,,,,,,54,,,,,,,89,2019-12-18
353,,,65,,,,,,,23,,,,,,,,,42,,,,,,54,,,,,,,89,2019-12-19
354,,,65,,,,,,,23,,,,,,,,,42,,,,,,54,,,,,,,89,2019-12-20
355,,,65,,,,,,,23,,,,,,,,,42,,,,,,54,,,,,,,89,2019-12-21
356,,,65,,,,,,,23,,,,,,,,,42,,,,,,54,,,,,,,89,2019-12-22
357,,,65,,,,,,,23,,,,,,,,,42,,,,,,54,,,,,,,89,2019-12-23
358,,,65,,,,,,,23,,,,,,,,,42,,,,,,54,,,,,,,89,2019-12-24
359,,,65,,,,,,,23,,,,,,,,,42,,,,,,54,,,,,,,89,2019-12-25
360,,,65,,,,,,,23,,,,,,,,,42,,,,,,54,,,,,,,89,2019-12-26
361,,,65,,,,,,,23,,,,,,,,,42,,,,,,54,,,,,,,89,2019-12-27
362,,,65,,,,,,,23,,,,,,,,,42,,,,,,54,,,,,,,89,2019-12-28
363,,,65,,,,,,,23,,,,,,,,,42,,,,,,54,,,,,,,89,2019-12-29
364,,,65,,,,,,,23,,,,,,,,,42,,,,,,54,,,,,,,89,2019-12-30
365,,,65,,,,,,,23,,,,,,,,,42,,,,,,54,,,,,,,89,2019-12-31
366,,,65,,,,,,,23,,,,,,,,,42,,,,,,54,,,,,,,89,2020-01-01
367,,,65,,,,,,,23,,,,,,,,,42,,,,,,54,,,,,,,89,2020-01-02
368,,,65,,,,,,,23,,,,,,,,,42,,,,,,54,,,,,,,89,2020-01-03
369,,,65,,,,,,,23,,,,,,,,,42,,,,,,54,,,,,,,89,2020-01-04
370,,,65,,,,,,,23,,,,,,,,,42,,,,,,54,,,,,,,89,2020-01-05
371,,,65,,,,,,,23,,,,,,,,,42,,,,,,54,,,,,,,89,2020-01-06
372,,,65,,,,,,,23,,,,,,,,,42,,,,,,54,,,,,,,89,2020-01-07
373,,,65,,,,,,,23,,,,,,,,,42,,,,,,54,,,,,,,89,2020-01-08
374,,,65,,,,,,,23,,,,,,,,,42,,,,,,54,,,,,,,89,2020-01-09
375,,,65,,,,,,,23,,,,,,,,,42,,,,,,54,,,,,,,89,2020-01-10
376,,,65,,,,,,,23,,,,,,,,,42,,,,,,54,,,,,,,89,2020-01-11
377,,,65,,,,,,,23,,,,,,,,,42,,,,,,54,,,,,,,89,2020-01-12
378,,,65,,,,,,,23,,,,,,,,,42,,,,,,54,,,,,,,89,2020-01-13
379,,,65,,,,,,,23,,,,,,,,,42,,,,,,54,,,,,,,89,2020-01-14
380,,,65,,,,,,,23,,,,,,,,,42,,,,,,54,,,,,,,89,2020-01-15
381,,,65,,,,,,,23,,,,,,,,,42,,,,,,54,,,,,,,89,2020-01-16
382,,,65,,,,,,,23,,,,,,,,,42,,,,,,54,,,,,,,89,2020-01-17
383,,,65,,,,,,,23,,,,,,,,,42,,,,,,54,,,,,,,89,2020-01-18
384,,,65,,,,,,,23,,,,,,,,,42,,,,,,54,,,,,,,89,2020-01-19
385,,,65,,,,,,,23,,,,,,,,,42,,,,,,54,,,,,,,89,2020-01-20
386,,,65,,,,,,,23,,,,,,,,,42,,,,,,54,,,,,,,89,2020-01-21
387,,,65,,,,,,,23,,,,,,,,,42,,,,,,54,,,,,,,89,2020-01-22
388,,,65,,,,,,,23,,,,,,,,,42,,,,,,54,,,,,,,89,2020-01-23
389,,,65,,,,,,,23,,,,,,,,,42,,,,,,54,,,,,,,89,2020-01-24
390,,,65,,,,,,,23,,,,,,,,,42,,,,,,54,,,,,,,89,2020-01-25
391,,,65,,,,,,,23,,,,,,,,,42,,,,,,54,,,,,,,89,2020-01-26
392,,,65,,,,,,,23,,,,,,,,,42,,,,,,54,,,,,,,89,2020-01-27
393,,,65,,,,,,,23,,,,,,,,,42,,,,,,54,,,,,,,89,2020-01-28
394,,,65,,,,,,,23,,,,,,,,,42,,,,,,54,,,,,,,89,2020-01-29
395,,,65,,,,,,,23,,,,,,,,,42,,,,,,54,,,,,,,89,2020-01-30
396,,,65,,,,,,,23,,,,,,,,,42,,,,,,54,,,,,,,89,2020-01-31
397,,,65,,,,,,,23,,,,,,,,,42,,,,,,54,,,,,,,89,2020-02-01
398,,,65,,,,,,,23,,,,,,,,,42,,,,,,54,,,,,,,89,2020-02-02
399,,,65,,,,,,,23,,,,,,,,,42,,,,,,54,,,,,,,89,2020-02-03
400,,,65,,,,,,,23,,,,,,,,,42,,,,,,54,,,,,,,89,2020-02-04
401,,,65,,,,,,,23,,,,,,,,,42,,,,,,54,,,,,,,89,2020-02-05
402,,,65,,,,,,,23,,,,,,,,,42,,,,,,54,,,,,,,89,2020-02-06
403,,,65,,,,,,,23,,,,,,,,,42,,,,,,54,,,,,,,89,2020-02-07
404,,,65,,,,,,,23,,,,,,,,,42,,,,,,54,,,,,,,89,2020-02-08
405,,,65,,,,,,,23,,,,,,,,,42,,,,,,54,,,,,,,89,2020-02-09
406,,,65,,,,,,,23,,,,,,,,,42,,,,,,54,,,,,,,89,2020-02-10
407,,,65,,,,,,,23,,,,,,,,,42,,,,,,54,,,,,,,89,2020-02-11
408,,,65,,,,,,,23,,,,,,,,,42,,,,,,54,,,,,,,89,2020-02-12
409,,,65,,,,,,,23,,,,,,,,,42,,,,,,54,,,,,,,89,2020-02-13
410,,,65,,,,,,,23,,,,,,,,,42,,,,,,54,,,,,,,89,2020-02-14
411,,,65,,,,,,,23,,,,,,,,,42,,,,,,54,,,,,,,89,2020-02-15
412,,,65,,,,,,,23,,,,,,,,,42,,,,,,54,,,,,,,89,2020-02-16
413,,,65,,,,,,,23,,,,,,,,,42,,,,,,54,,,,,,,89,2020-02-17
414,,,65,,,,,,,23,,,,,,,,,42,,,,,,54,,,,,,,89,2020-02-18
415,,,65,,,,,,,23,,,,,,,,,42,,,,,,54,,,,,,,89,2020-02-19
416,,,65,,,,,,,23,,,,,,,,,42,,,,,,54,,,,,,,89,2020-02-20
417,,,65,,,,,,,23,,,,,,,,,42,,,,,,54,,,,,,,89,2020-02-21
418,,,65,,,,,,,23,,,,,,,,,42,,,,,,54,,,,,,,89,2020-02-22
419,,,65,,,,,,,23,,,,,,,,,42,,,,,,54,,,,,,,89,2020-02-23
420,,,65,,,,,,,23,,,,,,,,,42,,,,,,54,,,,,,,89,2020-02-24
421,,,65,,,,,,,23,,,,,,,,,42,,,,,,54,,,,,,,89,2020-02-25
422,,,65,,,,,,,23,,,,,,,,,42,,,,,,54,,,,,,,89,2020-02-26
423,,,65,,,,,,,23,,,,,,,,,42,,,,,,54,,,,,,,89,2020-02-27
424,,,65,,,,,,,23,,,,,,,,,42,,,,,,54,,,,,,,89,2020-02-28
425,,,65,,,,,,,23,,,,,,,,,42,,,,,,54,,,,,,,89,2020-02-29
426,,,65,,,,,,,23,,,,,,,,,42,,,,,,54,,,,,,,89,2020-03-01
427,,,65,,,,,,,23,,,,,,,,,42,,,,,,54,,,,,,,89,2020-03-02
428,,,65,,,,,,,23,,,,,,,,,42,,,,,,54,,,,,,,89,2020-03-03
429,,,65,,,,,,,23,,,,,,,,,42,,,,,,54,,,,,,,89,2020-03-04
430,,,65,,,,,,,23,,,,,,,,,42,,,,,,54,,,,,,,89,2020-03-05
431,,,65,,,,,,,23,,,,,,,,,42,,,,,,54,,,,,,,89,2020-03-06
432,,,65,,,,,,,23,,,,,,,,,42,,,,,,54,,,,,,,89,2020-03-07
433,,,65,,,,,,,23,,,,,,,,,42,,,,,,54,,,,,,,89,2020-03-08
434,,,65,,,,,,,23,,,,,,,,,42,,,,,,54,,,,,,,89,2020-03-09
435,,,65,,,,,,,23,,,,,,,,,42,,,,,,54,,,,,,,89,2020-03-10
436,,,65,,,,,,,23,,,,,,,,,42,,,,,,54,,,,,,,89,2020-03-11
437,,,65,,,,,,,23,,,,,,,,,42,,,,,,54,,,,,,,89,2020-03-12
438,,,65,,,,,,,23,,,,,,,,,42,,,,,,54,,,,,,,89,2020-03-13
439,,,65,,,,,,,23,,,,,,,,,42,,,,,,54,,,,,,,89,2020-03-14
440,,,65,,,,,,,23,,,,,,,,,42,,,,,,54,,,,,,,89,2020-03-15
441,,,65,,,,,,,23,,,,,,,,,42,,,,,,54,,,,,,,89,2020-03-16
442,,,65,,,,,,,23,,,,,,,,,42,,,,,,54,,,,,,,89,2020-03-17
443,,,65,,,,,,,23,,,,,,,,,42,,,,,,54,,,,,,,89,2020-03-18
444,,,65,,,,,,,23,,,,,,,,,42,,,,,,54,,,,,,,89,2020-03-19
445,,,65,,,,,,,23,,,,,,,,,42,,,,,,54,,,,,,,89,2020-03-20
446,,,65,,,,,,,23,,,,,,,,,42,,,,,,54,,,,,,,89,2020-03-21
447,,,65,,,,,,,23,,,,,,,,,42,,,,,,54,,,,,,,89,2020-03-22
448,,,65,,,,,,,23,,,,,,,,,42,,,,,,54,,,,,,,89,2020-03-23
449,,,65,,,,,,,23,,,,,,,,,42,,,,,,54,,,,,,,89,2020-03-24
450,,,65,,,,,,,23,,,,,,,,,42,,,,,,54,,,,,,,89,2020-03-25
451,,,65,,,,,,,23,,,,,,,,,42,,,,,,54,,,,,,,89,2020-03-26
452,,,65,,,,,,,23,,,,,,,,,42,,,,,,54,,,,,,,89,2020-03-27
453,,,65,,,,,,,23,,,,,,,,,42,,,,,,54,,,,,,,89,2020-03-28
454,,,65,,,,,,,23,,,,,,,,,42,,,,,,54,,,,,,,89,2020-03-29
455,,,65,,,,,,,23,,,,,,,,,42,,,,,,54,,,,,,,89,2020-03-30
456,,,65,,,,,,,23,,,,,,,,,42,,,,,,54,,,,,,,89,2020-03-31
457,,,65,,,,,,,23,,,,,,,,,42,,,,,,54,,,,,,,89,2020-04-01
458,,,65,,,,,,,23,,,,,,,,,42,,,,,,54,,,,,,,89,2020-04-02
459,,,65,,,,,,,23,,,,,,,,,42,,,,,,54,,,,,,,89,2020-04-03
460,,,65,,,,,,,23,,,,,,,,,42,,,,,,54,,,,,,,89,2020-04-04
461,,,65,,,,,,,23,,,,,,,,,42,,,,,,54,,,,,,,89,2020-04-05
462,,,65,,,,,,,23,,,,,,,,,42,,,,,,54,,,,,,,89,2020-04-06
463,,,65,,,,,,,23,,,,,,,,,42,,,,,,54,,,,,,,89,2020-04-07
464,,,65,,,,,,,23,,,,,,,,,42,,,,,,54,,,,,,,89,2020-04-08
465,,,65,,,,,,,23,,,,,,,,,42,,,,,,54,,,,,,,89,2020-04-09
466,,,65,,,,,,,23,,,,,,,,,42,,,,,,54,,,,,,,89,2020-04-10
467,,,65,,,,,,,23,,,,,,,,,42,,,,,,54,,,,,,,89,2020-04-11
468,,,65,,,,,,,23,,,,,,,,,42,,,,,,54,,,,,,,89,2020-04-12
469,,,65,,,,,,,23,,,,,,,,,42,,,,,,54,,,,,,,89,2020-04-13
470,,,65,,,,,,,23,,,,,,,,,42,,,,,,54,,,,,,,89,2020-04-14
471,,,65,,,,,,,23,,,,,,,,,42,,,,,,54,,,,,,,89,2020-04-15
472,,,65,,,,,,,23,,,,,,,,,42,,,,,,54,,,,,,,89,2020-04-16
473,,,65,,,,,,,23,,,,,,,,,42,,,,,,54,,,,,,,89,2020-04-17
474,,,65,,,,,,,23,,,,,,,,,42,,,,,,54,,,,,,,89,2020-04-18
475,,,65,,,,,,,23,,,,,,,,,42,,,,,,54,,,,,,,89,2020-04-19
476,,,65,,,,,,,23,,,,,,,,,42,,,,,,54,,,,,,,89,2020-04-20
477,,,65,,,,,,,23,,,,,,,,,42,,,,,,54,,,,,,,89,2020-04-21
478,,,65,,,,,,,23,,,,,,,,,42,,,,,,54,,,,,,,89,2020-04-22
479,,,65,,,,,,,23,,,,,,,,,42,,,,,,54,,,,,,,89,2020-04-23
480,,,65,,,,,,,23,,,,,,,,,42,,,,,,54,,,,,,,89,2020-04-24
481,,,65,,,,,,,23,,,,,,,,,42,,,,,,54,,,,,,,89,2020-04-25
482,,,65,,,,,,,23,,,,,,,,,42,,,,,,54,,,,,,,89,2020-04-26
483,,,65,,,,,,,23,,,,,,,,,42,,,,,,54,,,,,,,89,2020-04-27
484,,,65,,,,,,,23,,,,,,,,,42,,,,,,54,,,,,,,89,2020-04-28
485,,,65,,,,,,,23,,,,,,,,,42,,,,,,54,,,,,,,89,2020-04-29
486,,,65,,,,,,,23,,,,,,,,,42,,,,,,54,,,,,,,89,2020-04-30
487,,,65,,,,,,,23,,,,,,,,,42,,,,,,54,,,,,,,89,2020-05-01
488,,,65,,,,,,,23,,,,,,,,,42,,,,,,54,,,,,,,89,2020-05-02
489,,,65,,,,,,,23,,,,,,,,,42,,,,,,54,,,,,,,89,2020-05-03
490,,,65,,,,,,,23,,,,,,,,,42,,,,,,54,,,,,,,89,2020-05-04
491,,,65,,,,,,,23,,,,,,,,,42,,,,,,54,,,,,,,89,2020-05-05
492,,,65,,,,,,,23,,,,,,,,,42,,,,,,54,,,,,,,89,2020-05-06
493,,,65,,,,,,,23,,,,,,,,,42,,,,,,54,,,,,,,89,2020-05-07
494,,,65,,,,,,,23,,,,,,,,,42,,,,,,54,,,,,,,89,2020-05-08
495,,,65,,,,,,,23,,,,,,,,,42,,,,,,54,,,,,,,89,2020-05-09
496,,,65,,,,,,,23,,,,,,,,,42,,,,,,54,,,,,,,89,2020-05-10
497,,,65,,,,,,,23,,,,,,,,,42,,,,,,54,,,,,,,89,2020-05-11
498,,,65,,,,,,,23,,,,,,,,,42,,,,,,54,,,,,,,89,2020-05-12
499,,,65,,,,,,,23,,,,,,,,,42,,,,,,54,,,,,,,89,2020-05-13
500,,,65,,,,,,,23,,,,,,,,,42,,,,,,54,,,,,,,89,2020-05-14
501,,,65,,,,,,,23,,,,,,,,,42,,,,,,54,,,,,,,89,2020-05-15
502,,,65,,,,,,,23,,,,,,,,,42,,,,,,54,,,,,,,89,2020-05-16
503,,,65,,,,,,,23,,,,,,,,,42,,,,,,54,,,,,,,89,2020-05-17
504,,,65,,,,,,,23,,,,,,,,,42,,,,,,54,,,,,,,89,2020-05-18
505,,,65,,,,,,,23,,,,,,,,,42,,,,,,54,,,,,,,89,2020-05-19
506,,,65,,,,,,,23,,,,,,,,,42,,,,,,54,,,,,,,89,2020-05-20
507,,,65,,,,,,,23,,,,,,,,,42,,,,,,54,,,,,,,89,2020-05-21
508,,,65,,,,,,,23,,,,,,,,,42,,,,,,54,,,,,,,89,2020-05-22
509,,,65,,,,,,,23,,,,,,,,,42,,,,,,54,,,,,,,89,2020-05-23
510,,,65,,,,,,,23,,,,,,,,,42,,,,,,54,,,,,,,89,2020-05-24
511,,,65,,,,,,,23,,,,,,,,,42,,,,,,54,,,,,,,89,2020-05-25
512,,,65,,,,,,,23,,,,,,,,,42,,,,,,54,,,,,,,89,2020-05-26
513,,,65,,,,,,,23,,,,,,,,,42,,,,,,54,,,,,,,89,2020-05-27
514,,,65,,,,,,,23,,,,,,,,,42,,,,,,54,,,,,,,89,2020-05-28
515,,,65,,,,,,,23,,,,,,,,,42,,,,,,54,,,,,,,89,2020-05-29
516,,,65,,,,,,,23,,,,,,,,,42,,,,,,54,,,,,,,89,2020-05-30
517,,,65,,,,,,,23,,,,,,,,,42,,,,,,54,,,,,,,89,2020-05-31
518,,,65,,,,,,,23,,,,,,,,,42,,,,,,54,,,,,,,89,2020-06-01
519,,,65,,,,,,,23,,,,,,,,,42,,,,,,54,,,,,,,89,2020-06-02
520,,,65,,,,,,,23,,,,,,,,,42,,,,,,54,,,,,,,89,2020-06-03
521,,,65,,,,,,,23,,,,,,,,,42,,,,,,54,,,,,,,89,2020-06-04
522,,,65,,,,,,,23,,,,,,,,,42,,,,,,54,,,,,,,89,2020-06-05
523,,,65,,,,,,,23,,,,,,,,,42,,,,,,54,,,,,,,89,2020-06-06
524,,,65,,,,,,,23,,,,,,,,,42,,,,,,54,,,,,,,89,2020-06-07
525,,,65,,,,,,,23,,,,,,,,,42,,,,,,54,,,,,,,89,2020-06-08
526,,,65,,,,,,,23,,,,,,,,,42,,,,,,54,,,,,,,89,2020-06-09
527,,,65,,,,,,,23,,,,,,,,,42,,,,,,54,,,,,,,89,2020-06-10
528,,,65,,,,,,,23,,,,,,,,,42,,,,,,54,,,,,,,89,2020-06-11
529,,,65,,,,,,,23,,,,,,,,,42,,,,,,54,,,,,,,89,2020-06-12
530,,,65,,,,,,,23,,,,,,,,,42,,,,,,54,,,,,,,89,2020-06-13
531,,,65,,,,,,,23,,,,,,,,,42,,,,,,54,,,,,,,89,2020-06-14
532,,,65,,,,,,,23,,,,,,,,,42,,,,,,54,,,,,,,89,2020-06-15
533,,,65,,,,,,,23,,,,,,,,,42,,,,,,54,,,,,,,89,2020-06-16
534,,,65,,,,,,,23,,,,,,,,,42,,,,,,54,,,,,,,89,2020-06-17
535,,,65,,,,,,,23,,,,,,,,,42,,,,,,54,,,,,,,89,2020-06-18
536,,,65,,,,,,,23,,,,,,,,,42,,,,,,54,,,,,,,89,2020-06-19
537,,,65,,,,,,,23,,,,,,,,,42,,,,,,54,,,,,,,89,2020-06-20
538,,,65,,,,,,,23,,,,,,,,,42,,,,,,54,,,,,,,89,2020-06-21
539,,,65,,,,,,,23,,,,,,,,,42,,,,,,54,,,,,,,89,2020-06-22
540,,,65,,,,,,,23,,,,,,,,,42,,,,,,54,,,,,,,89,2020-06-23
541,,,65,,,,,,,23,,,,,,,,,42,,,,,,54,,,,,,,89,2020-06-24
542,,,65,,,,,,,23,,,,,,,,,42,,,,,,54,,,,,,,89,2020-06-25
543,,,65,,,,,,,23,,,,,,,,,42,,,,,,54,,,,,,,89,2020-06-26
544,,,65,,,,,,,23,,,,,,,,,42,,,,,,54,,,,,,,89,2020-06-27
545,,,65,,,,,,,23,,,,,,,,,42,,,,,,54,,,,,,,89,2020-06-28
546,,,65,,,,,,,23,,,,,,,,,42,,,,,,54,,,,,,,89,2020-06-29
547,,,65,,,,,,,23,,,,,,,,,42,,,,,,54,,,,,,,89,2020-06-30
548,,,65,,,,,,,23,,,,,,,,,42,,,,,,54,,,,,,,89,2020-07-01
549,,,65,,,,,,,23,,,,,,,,,42,,,,,,54,,,,,,,89,2020-07-02
550,,,65,,,,,,,23,,,,,,,,,42,,,,,,54,,,,,,,89,2020-07-03
551,,,65,,,,,,,23,,,,,,,,,42,,,,,,54,,,,,,,89,2020-07-04
552,,,65,,,,,,,23,,,,,,,,,42,,,,,,54,,,,,,,89,2020-07-05
553,,,65,,,,,,,23,,,,,,,,,42,,,,,,54,,,,,,,89,2020-07-06
554,,,65,,,,,,,23,,,,,,,,,42,,,,,,54,,,,,,,89,2020-07-07
555,,,65,,,,,,,23,,,,,,,,,42,,,,,,54,,,,,,,89,2020-07-08
556,,,65,,,,,,,23,,,,,,,,,42,,,,,,54,,,,,,,89,2020-07-09
557,,,65,,,,,,,23,,,,,,,,,42,,,,,,54,,,,,,,89,2020-07-10
558,,,65,,,,,,,23,,,,,,,,,42,,,,,,54,,,,,,,89,2020-07-11
559,,,65,,,,,,,23,,,,,,,,,42,,,,,,54,,,,,,,89,2020-07-12
560,,,65,,,,,,,23,,,,,,,,,42,,,,,,54,,,,,,,89,2020-07-13
561,,,65,,,,,,,23,,,,,,,,,42,,,,,,54,,,,,,,89,2020-07-14
562,,,65,,,,,,,23,,,,,,,,,42,,,,,,54,,,,,,,89,2020-07-15
563,,,65,,,,,,,23,,,,,,,,,42,,,,,,54,,,,,,,89,2020-07-16
564,,,65,,,,,,,23,,,,,,,,,42,,,,,,54,,,,,,,89,2020-07-17
565,,,65,,,,,,,23,,,,,,,,,42,,,,,,54,,,,,,,89,2020-07-18
566,,,65,,,,,,,23,,,,,,,,,42,,,,,,54,,,,,,,89,2020-07-19
567,,,65,,,,,,,23,,,,,,,,,42,,,,,,54,,,,,,,89,2020-07-20
568,,,65,,,,,,,23,,,,,,,,,42,,,,,,54,,,,,,,89,2020-07-21
569,,,65,,,,,,,23,,,,,,,,,42,,,,,,54,,,,,,,89,2020-07-22
570,,,65,,,,,,,23,,,,,,,,,42,,,,,,54,,,,,,,89,2020-07-23
571,,,65,,,,,,,23,,,,,,,,,42,,,,,,54,,,,,,,89,2020-07-24
572,,,65,,,,,,,23,,,,,,,,,42,,,,,,54,,,,,,,89,2020-07-25
573,,,65,,,,,,,23,,,,,,,,,42,,,,,,54,,,,,,,89,2020-07-26
574,,,65,,,,,,,23,,,,,,,,,42,,,,,,54,,,,,,,89,2020-07-27
575,,,65,,,,,,,23,,,,,,,,,42,,,,,,54,,,,,,,89,2020-07-28
576,,,65,,,,,,,23,,,,,,,,,42,,,,,,54,,,,,,,89,2020-07-29
577,,,65,,,,,,,23,,,,,,,,,42,,,,,,54,,,,,,,89,2020-07-30
578,,,65,,,,,,,23,,,,,,,,,42,,,,,,54,,,,,,,89,2020-07-31
579,,,65,,,,,,,23,,,,,,,,,42,,,,,,54,,,,,,,89,2020-08-01
580,,,65,,,,,,,23,,,,,,,,,42,,,,,,54,,,,,,,89,2020-08-02
581,,,65,,,,,,,23,,,,,,,,,42,,,,,,54,,,,,,,89,2020-08-03
582,,,65,,,,,,,23,,,,,,,,,42,,,,,,54,,,,,,,89,2020-08-04
583,,,65,,,,,,,23,,,,,,,,,42,,,,,,54,,,,,,,89,2020-08-05
584,,,65,,,,,,,23,,,,,,,,,42,,,,,,54,,,,,,,89,2020-08-06
585,,,65,,,,,,,23,,,,,,,,,42,,,,,,54,,,,,,,89,2020-08-07
586,,,65,,,,,,,23,,,,,,,,,42,,,,,,54,,,,,,,89,2020-08-08
587,,,65,,,,,,,23,,,,,,,,,42,,,,,,54,,,,,,,89,2020-08-09
588,,,65,,,,,,,23,,,,,,,,,42,,,,,,54,,,,,,,89,2020-08-10
589,,,65,,,,,,,23,,,,,,,,,42,,,,,,54,,,,,,,89,2020-08-11
590,,,65,,,,,,,23,,,,,,,,,42,,,,,,54,,,,,,,89,2020-08-12
591,,,65,,,,,,,23,,,,,,,,,42,,,,,,54,,,,,,,89,2020-08-13
592,,,65,,,,,,,23,,,,,,,,,42,,,,,,54,,,,,,,89,2020-08-14
593,,,65,,,,,,,23,,,,,,,,,42,,,,,,54,,,,,,,89,2020-08-15
594,,,65,,,,,,,23,,,,,,,,,42,,,,,,54,,,,,,,89,2020-08-16
595,,,65,,,,,,,23,,,,,,,,,42,,,,,,54,,,,,,,89,2020-08-17
596,,,65,,,,,,,23,,,,,,,,,42,,,,,,54,,,,,,,89,2020-08-18
597,,,65,,,,,,,23,,,,,,,,,42,,,,,,54,,,,,,,89,2020-08-19
598,,,65,,,,,,,23,,,,,,,,,42,,,,,,54,,,,,,,89,2020-08-20
599,,,65,,,,,,,23,,,,,,,,,42,,,,,,54,,,,,,,89,2020-08-21
600,,,65,,,,,,,23,,,,,,,,,42,,,,,,54,,,,,,,89,2020-08-22
601,,,65,,,,,,,23,,,,,,,,,42,,,,,,54,,,,,,,89,2020-08-23
602,,,65,,,,,,,23,,,,,,,,,42,,,,,,54,,,,,,,89,2020-08-24
603,,,65,,,,,,,23,,,,,,,,,42,,,,,,54,,,,,,,89,2020-08-25
604,,,65,,,,,,,23,,,,,,,,,42,,,,,,54,,,,,,,89,2020-08-26
605,,,65,,,,,,,23,,,,,,,,,42,,,,,,54,,,,,,,89,2020-08-27
606,,,65,,,,,,,23,,,,,,,,,42,,,,,,54,,,,,,,89,2020-08-28
607,,,65,,,,,,,23,,,,,,,,,42,,,,,,54,,,,,,,89,2020-08-29
608,,,65,,,,,,,23,,,,,,,,,42,,,,,,54,,,,,,,89,2020-08-30
609,,,65,,,,,,,23,,,,,,,,,42,,,,,,54,,,,,,,89,2020-08-31
610,,,65,,,,,,,23,,,,,,,,,42,,,,,,54,,,,,,,89,2020-09-01
611,,,65,,,,,,,23,,,,,,,,,42,,,,,,54,,,,,,,89,2020-09-02
612,,,65,,,,,,,23,,,,,,,,,42,,,,,,54,,,,,,,89,2020-09-03
613,,,65,,,,,,,23,,,,,,,,,42,,,,,,54,,,,,,,89,2020-09-04
614,,,65,,,,,,,23,,,,,,,,,42,,,,,,54,,,,,,,89,2020-09-05
615,,,65,,,,,,,23,,,,,,,,,42,,,,,,54,,,,,,,89,2020-09-06
616,,,65,,,,,,,23,,,,,,,,,42,,,,,,54,,,,,,,89,2020-09-07
617,,,65,,,,,,,23,,,,,,,,,42,,,,,,54,,,,,,,89,2020-09-08
618,,,65,,,,,,,23,,,,,,,,,42,,,,,,54,,,,,,,89,2020-09-09
619,,,65,,,,,,,23,,,,,,,,,42,,,,,,54,,,,,,,89,2020-09-10
620,,,65,,,,,,,23,,,,,,,,,42,,,,,,54,,,,,,,89,2020-09-11
621,,,65,,,,,,,23,,,,,,,,,42,,,,,,54,,,,,,,89,2020-09-12
622,,,65,,,,,,,23,,,,,,,,,42,,,,,,54,,,,,,,89,2020-09-13
623,,,65,,,,,,,23,,,,,,,,,42,,,,,,54,,,,,,,89,2020-09-14
624,,,65,,,,,,,23,,,,,,,,,42,,,,,,54,,,,,,,89,2020-09-15
625,,,65,,,,,,,23,,,,,,,,,42,,,,,,54,,,,,,,89,2020-09-16
626,,,65,,,,,,,23,,,,,,,,,42,,,,,,54,,,,,,,89,2020-09-17
627,,,65,,,,,,,23,,,,,,,,,42,,,,,,54,,,,,,,89,2020-09-18
628,,,65,,,,,,,23,,,,,,,,,42,,,,,,54,,,,,,,89,2020-09-19
629,,,65,,,,,,,23,,,,,,,,,42,,,,,,54,,,,,,,89,2020-09-20
630,,,65,,,,,,,23,,,,,,,,,42,,,,,,54,,,,,,,89,2020-09-21
631,,,65,,,,,,,23,,,,,,,,,42,,,,,,54,,,,,,,89,2020-09-22
632,,,65,,,,,,,23,,,,,,,,,42,,,,,,54,,,,,,,89,2020-09-23
633,,,65,,,,,,,23,,,,,,,,,42,,,,,,54,,,,,,,89,2020-09-24
634,,,65,,,,,,,23,,,,,,,,,42,,,,,,54,,,,,,,89,2020-09-25
635,,,65,,,,,,,23,,,,,,,,,42,,,,,,54,,,,,,,89,2020-09-26
636,,,65,,,,,,,23,,,,,,,,,42,,,,,,54,,,,,,,89,2020-09-27
637,,,65,,,,,,,23,,,,,,,,,42,,,,,,54,,,,,,,89,2020-09-28
638,,,65,,,,,,,23,,,,,,,,,42,,,,,,54,,,,,,,89,2020-09-29
639,,,65,,,,,,,23,,,,,,,,,42,,,,,,54,,,,,,,89,2020-09-30
640,,,65,,,,,,,23,,,,,,,,,42,,,,,,54,,,,,,,89,2020-10-01
641,,,65,,,,,,,23,,,,,,,,,42,,,,,,54,,,,,,,89,2020-10-02
642,,,65,,,,,,,23,,,,,,,,,42,,,,,,54,,,,,,,89,2020-10-03
643,,,65,,,,,,,23,,,,,,,,,42,,,,,,54,,,,,,,89,2020-10-04
644,,,65,,,,,,,23,,,,,,,,,42,,,,,,54,,,,,,,89,2020-10-05
645,,,65,,,,,,,23,,,,,,,,,42,,,,,,54,,,,,,,89,2020-10-06
646,,,65,,,,,,,23,,,,,,,,,42,,,,,,54,,,,,,,89,2020-10-07
647,,,65,,,,,,,23,,,,,,,,,42,,,,,,54,,,,,,,89,2020-10-08
648,,,65,,,,,,,23,,,,,,,,,42,,,,,,54,,,,,,,89,2020-10-09
649,,,65,,,,,,,23,,,,,,,,,42,,,,,,54,,,,,,,89,2020-10-10
650,,,65,,,,,,,23,,,,,,,,,42,,,,,,54,,,,,,,89,2020-10-11
651,,,65,,,,,,,23,,,,,,,,,42,,,,,,54,,,,,,,89,2020-10-12
652,,,65,,,,,,,23,,,,,,,,,42,,,,,,54,,,,,,,89,2020-10-13
653,,,65,,,,,,,23,,,,,,,,,42,,,,,,54,,,,,,,89,2020-10-14
654,,,65,,,,,,,23,,,,,,,,,42,,,,,,54,,,,,,,89,2020-10-15
655,,,65,,,,,,,23,,,,,,,,,42,,,,,,54,,,,,,,89,2020-10-16
656,,,65,,,,,,,23,,,,,,,,,42,,,,,,54,,,,,,,89,2020-10-17
657,,,65,,,,,,,23,,,,,,,,,42,,,,,,54,,,,,,,89,2020-10-18
658,,,65,,,,,,,23,,,,,,,,,42,,,,,,54,,,,,,,89,2020-10-19
659,,,65,,,,,,,23,,,,,,,,,42,,,,,,54,,,,,,,89,2020-10-20
660,,,65,,,,,,,23,,,,,,,,,42,,,,,,54,,,,,,,89,2020-10-21
661,,,65,,,,,,,23,,,,,,,,,42,,,,,,54,,,,,,,89,2020-10-22
662,,,65,,,,,,,23,,,,,,,,,42,,,,,,54,,,,,,,89,2020-10-23
663,,,65,,,,,,,23,,,,,,,,,42,,,,,,54,,,,,,,89,2020-10-24
664,,,65,,,,,,,23,,,,,,,,,42,,,,,,54,,,,,,,89,2020-10-25
665,,,65,,,,,,,23,,,,,,,,,42,,,,,,54,,,,,,,89,2020-10-26
666,,,65,,,,,,,23,,,,,,,,,42,,,,,,54,,,,,,,89,2020-10-27
667,,,65,,,,,,,23,,,,,,,,,42,,,,,,54,,,,,,,89,2020-10-28
668,,,65,,,,,,,23,,,,,,,,,42,,,,,,54,,,,,,,89,2020-10-29
669,,,65,,,,,,,23,,,,,,,,,42,,,,,,54,,,,,,,89,2020-10-30
670,,,65,,,,,,,23,,,,,,,,,42,,,,,,54,,,,,,,89,2020-10-31
671,,,65,,,,,,,23,,,,,,,,,42,,,,,,54,,,,,,,89,2020-11-01
672,,,65,,,,,,,23,,,,,,,,,42,,,,,,54,,,,,,,89,2020-11-02
673,,,65,,,,,,,23,,,,,,,,,42,,,,,,54,,,,,,,89,2020-11-03
674,,,65,,,,,,,23,,,,,,,,,42,,,,,,54,,,,,,,89,2020-11-04
675,,,65,,,,,,,23,,,,,,,,,42,,,,,,54,,,,,,,89,2020-11-05
676,,,65,,,,,,,23,,,,,,,,,42,,,,,,54,,,,,,,89,2020-11-06
677,,,65,,,,,,,23,,,,,,,,,42,,,,,,54,,,,,,,89,2020-11-07
678,,,65,,,,,,,23,,,,,,,,,42,,,,,,54,,,,,,,89,2020-11-08
679,,,65,,,,,,,23,,,,,,,,,42,,,,,,54,,,,,,,89,2020-11-09
680,,,65,,,,,,,23,,,,,,,,,42,,,,,,54,,,,,,,89,2020-11-10
681,,,65,,,,,,,23,,,,,,,,,42,,,,,,54,,,,,,,89,2020-11-11
682,,,65,,,,,,,23,,,,,,,,,42,,,,,,54,,,,,,,89,2020-11-12
683,,,65,,,,,,,23,,,,,,,,,42,,,,,,54,,,,,,,89,2020-11-13
684,,,65,,,,,,,23,,,,,,,,,42,,,,,,54,,,,,,,89,2020-11-14
685,,,65,,,,,,,23,,,,,,,,,42,,,,,,54,,,,,,,89,2020-11-15
686,,,65,,,,,,,23,,,,,,,,,42,,,,,,54,,,,,,,89,2020-11-16
687,,,65,,,,,,,23,,,,,,,,,42,,,,,,54,,,,,,,89,2020-11-17
688,,,65,,,,,,,23,,,,,,,,,42,,,,,,54,,,,,,,89,2020-11-18
689,,,65,,,,,,,23,,,,,,,,,42,,,,,,54,,,,,,,89,2020-11-19
690,,,65,,,,,,,23,,,,,,,,,42,,,,,,54,,,,,,,89,2020-11-20
691,,,65,,,,,,,23,,,,,,,,,42,,,,,,54,,,,,,,89,2020-11-21
692,,,65,,,,,,,23,,,,,,,,,42,,,,,,54,,,,,,,89,2020-11-22
693,,,65,,,,,,,23,,,,,,,,,42,,,,,,54,,,,,,,89,2020-11-23
694,,,65,,,,,,,23,,,,,,,,,42,,,,,,54,,,,,,,89,2020-11-24
695,,,65,,,,,,,23,,,,,,,,,42,,,,,,54,,,,,,,89,2020-11-25
696,,,65,,,,,,,23,,,,,,,,,42,,,,,,54,,,,,,,89,2020-11-26
697,,,65,,,,,,,23,,,,,,,,,42,,,,,,54,,,,,,,89,2020-11-27
698,,,65,,,,,,,23,,,,,,,,,42,,,,,,54,,,,,,,89,2020-11-28
699,,,65,,,,,,,23,,,,,,,,,42,,,,,,54,,,,,,,89,2020-11-29
700,,,65,,,,,,,23,,,,,,,,,42,,,,,,54,,,,,,,89,2020-11-30
701,,,65,,,,,,,23,,,,,,,,,42,,,,,,54,,,,,,,89,2020-12-01
702,,,65,,,,,,,23,,,,,,,,,42,,,,,,54,,,,,,,89,2020-12-02
703,,,65,,,,,,,23,,,,,,,,,42,,,,,,54,,,,,,,89,2020-12-03
704,,,65,,,,,,,23,,,,,,,,,42,,,,,,54,,,,,,,89,2020-12-04
705,,,65,,,,,,,23,,,,,,,,,42,,,,,,54,,,,,,,89,2020-12-05
706,,,65,,,,,,,23,,,,,,,,,42,,,,,,54,,,,,,,89,2020-12-06
707,,,65,,,,,,,23,,,,,,,,,42,,,,,,54,,,,,,,89,2020-12-07
708,,,65,,,,,,,23,,,,,,,,,42,,,,,,54,,,,,,,89,2020-12-08
709,,,65,,,,,,,23,,,,,,,,,42,,,,,,54,,,,,,,89,2020-12-09
710,,,65,,,,,,,23,,,,,,,,,42,,,,,,54,,,,,,,89,2020-12-10
711,,,65,,,,,,,23,,,,,,,,,42,,,,,,54,,,,,,,89,2020-12-11
712,,,65,,,,,,,23,,,,,,,,,42,,,,,,54,,,,,,,89,2020-12-12
713,,,65,,,,,,,23,,,,,,,,,42,,,,,,54,,,,,,,89,2020-12-13
714,,,65,,,,,,,23,,,,,,,,,42,,,,,,54,,,,,,,89,2020-12-14
715,,,65,,,,,,,23,,,,,,,,,42,,,,,,54,,,,,,,89,2020-12-15
716,,,65,,,,,,,23,,,,,,,,,42,,,,,,54,,,,,,,89,2020-12-16
717,,,65,,,,,,,23,,,,,,,,,42,,,,,,54,,,,,,,89,2020-12-17
718,,,65,,,,,,,23,,,,,,,,,42,,,,,,54,,,,,,,89,2020-12-18
719,,,65,,,,,,,23,,,,,,,,,42,,,,,,54,,,,,,,89,2020-12-19
720,,,65,,,,,,,23,,,,,,,,,42,,,,,,54,,,,,,,89,2020-12-20
721,,,65,,,,,,,23,,,,,,,,,42,,,,,,54,,,,,,,89,2020-12-21
722,,,65,,,,,,,23,,,,,,,,,42,,,,,,54,,,,,,,89,2020-12-22
723,,,65,,,,,,,23,,,,,,,,,42,,,,,,54,,,,,,,89,2020-12-23
724,,,65,,,,,,,23,,,,,,,,,42,,,,,,54,,,,,,,89,2020-12-24
725,,,65,,,,,,,23,,,,,,,,,42,,,,,,54,,,,,,,89,2020-12-25
726,,,65,,,,,,,23,,,,,,,,,42,,,,,,54,,,,,,,89,2020-12-26
727,,,65,,,,,,,23,,,,,,,,,42,,,,,,54,,,,,,,89,2020-12-27
728,,,65,,,,,,,23,,,,,,,,,42,,,,,,54,,,,,,,89,2020-12-28
729,,,65,,,,,,,23,,,,,,,,,42,,,,,,54,,,,,,,89,2020-12-29
730,,,65,,,,,,,23,,,,,,,,,42,,,,,,54,,,,,,,89,2020-12-30
731,,,65,,,,,,,23,,,,,,,,,42,,,,,,54,,,,,,,89,2020-12-31
732,,,65,,,,,,,23,,,,,,,,,42,,,,,,54,,,,,,,89,2021-01-01
733,,,65,,,,,,,23,,,,,,,,,42,,,,,,54,,,,,,,89,2021-01-02
734,,,65,,,,,,,23,,,,,,,,,42,,,,,,54,,,,,,,89,2021-01-03
735,,,65,,,,,,,23,,,,,,,,,42,,,,,,54,,,,,,,89,2021-01-04
736,,,65,,,,,,,23,,,,,,,,,42,,,,,,54,,,,,,,89,2021-01-05
737,,,65,,,,,,,23,,,,,,,,,42,,,,,,54,,,,,,,89,2021-01-06
738,,,65,,,,,,,23,,,,,,,,,42,,,,,,54,,,,,,,89,2021-01-07
739,,,65,,,,,,,23,,,,,,,,,42,,,,,,54,,,,,,,89,2021-01-08
740,,,65,,,,,,,23,,,,,,,,,42,,,,,,54,,,,,,,89,2021-01-09
741,,,65,,,,,,,23,,,,,,,,,42,,,,,,54,,,,,,,89,2021-01-10
742,,,65,,,,,,,23,,,,,,,,,42,,,,,,54,,,,,,,89,2021-01-11
743,,,65,,,,,,,23,,,,,,,,,42,,,,,,54,,,,,,,89,2021-01-12
744,,,65,,,,,,,23,,,,,,,,,42,,,,,,54,,,,,,,89,2021-01-13
745,,,65,,,,,,,23,,,,,,,,,42,,,,,,54,,,,,,,89,2021-01-14
746,,,65,,,,,,,23,,,,,,,,,42,,,,,,54,,,,,,,89,2021-01-15
747,,,65,,,,,,,23,,,,,,,,,42,,,,,,54,,,,,,,89,2021-01-16
748,,,65,,,,,,,23,,,,,,,,,42,,,,,,54,,,,,,,89,2021-01-17
749,,,65,,,,,,,23,,,,,,,,,42,,,,,,54,,,,,,,89,2021-01-18
750,,,65,,,,,,,23,,,,,,,,,42,,,,,,54,,,,,,,89,2021-01-19
751,,,65,,,,,,,23,,,,,,,,,42,,,,,,54,,,,,,,89,2021-01-20
752,,,65,,,,,,,23,,,,,,,,,42,,,,,,54,,,,,,,89,2021-01-21
753,,,65,,,,,,,23,,,,,,,,,42,,,,,,54,,,,,,,89,2021-01-22
754,,,65,,,,,,,23,,,,,,,,,42,,,,,,54,,,,,,,89,2021-01-23
755,,,65,,,,,,,23,,,,,,,,,42,,,,,,54,,,,,,,89,2021-01-24
756,,,65,,,,,,,23,,,,,,,,,42,,,,,,54,,,,,,,89,2021-01-25
757,,,65,,,,,,,23,,,,,,,,,42,,,,,,54,,,,,,,89,2021-01-26
758,,,65,,,,,,,23,,,,,,,,,42,,,,,,54,,,,,,,89,2021-01-27
759,,,65,,,,,,,23,,,,,,,,,42,,,,,,54,,,,,,,89,2021-01-28
760,,,65,,,,,,,23,,,,,,,,,42,,,,,,54,,,,,,,89,2021-01-29
761,,,65,,,,,,,23,,,,,,,,,42,,,,,,54,,,,,,,89,2021-01-30
762,,,65,,,,,,,23,,,,,,,,,42,,,,,,54,,,,,,,89,2021-01-31
763,,,65,,,,,,,23,,,,,,,,,42,,,,,,54,,,,,,,89,2021-02-01
764,,,65,,,,,,,23,,,,,,,,,42,,,,,,54,,,,,,,89,2021-02-02
765,,,65,,,,,,,23,,,,,,,,,42,,,,,,54,,,,,,,89,2021-02-03
766,,,65,,,,,,,23,,,,,,,,,42,,,,,,54,,,,,,,89,2021-02-04
767,,,65,,,,,,,23,,,,,,,,,42,,,,,,54,,,,,,,89,2021-02-05
768,,,65,,,,,,,23,,,,,,,,,42,,,,,,54,,,,,,,89,2021-02-06
769,,,65,,,,,,,23,,,,,,,,,42,,,,,,54,,,,,,,89,2021-02-07
770,,,65,,,,,,,23,,,,,,,,,42,,,,,,54,,,,,,,89,2021-02-08
771,,,65,,,,,,,23,,,,,,,,,42,,,,,,54,,,,,,,89,2021-02-09
772,,,65,,,,,,,23,,,,,,,,,42,,,,,,54,,,,,,,89,2021-02-10
773,,,65,,,,,,,23,,,,,,,,,42,,,,,,54,,,,,,,89,2021-02-11
774,,,65,,,,,,,23,,,,,,,,,42,,,,,,54,,,,,,,89,2021-02-12
775,,,65,,,,,,,23,,,,,,,,,42,,,,,,54,,,,,,,89,2021-02-13
776,,,65,,,,,,,23,,,,,,,,,42,,,,,,54,,,,,,,89,2021-02-14
777,,,65,,,,,,,23,,,,,,,,,42,,,,,,54,,,,,,,89,2021-02-15
778,,,65,,,,,,,23,,,,,,,,,42,,,,,,54,,,,,,,89,2021-02-16
779,,,65,,,,,,,23,,,,,,,,,42,,,,,,54,,,,,,,89,2021-02-17
780,,,65,,,,,,,23,,,,,,,,,42,,,,,,54,,,,,,,89,2021-02-18
781,,,65,,,,,,,23,,,,,,,,,42,,,,,,54,,,,,,,89,2021-02-19
782,,,65,,,,,,,23,,,,,,,,,42,,,,,,54,,,,,,,89,2021-02-20
783,,,65,,,,,,,23,,,,,,,,,42,,,,,,54,,,,,,,89,2021-02-21
784,,,65,,,,,,,23,,,,,,,,,42,,,,,,54,,,,,,,89,2021-02-22
785,,,65,,,,,,,23,,,,,,,,,42,,,,,,54,,,,,,,89,2021-02-23
786,,,65,,,,,,,23,,,,,,,,,42,,,,,,54,,,,,,,89,2021-02-24
787,,,65,,,,,,,23,,,,,,,,,42,,,,,,54,,,,,,,89,2021-02-25
788,,,65,,,,,,,23,,,,,,,,,42,,,,,,54,,,,,,,89,2021-02-26
789,,,65,,,,,,,23,,,,,,,,,42,,,,,,54,,,,,,,89,2021-02-27
790,,,65,,,,,,,23,,,,,,,,,42,,,,,,54,,,,,,,89,2021-02-28
791,,,65,,,,,,,23,,,,,,,,,42,,,,,,54,,,,,,,89,2021-03-01
792,,,65,,,,,,,23,,,,,,,,,42,,,,,,54,,,,,,,89,2021-03-02
793,,,65,,,,,,,23,,,,,,,,,42,,,,,,54,,,,,,,89,2021-03-03
794,,,65,,,,,,,23,,,,,,,,,42,,,,,,54,,,,,,,89,2021-03-04
795,,,65,,,,,,,23,,,,,,,,,42,,,,,,54,,,,,,,89,2021-03-05
796,,,65,,,,,,,23,,,,,,,,,42,,,,,,54,,,,,,,89,2021-03-06
797,,,65,,,,,,,23,,,,,,,,,42,,,,,,54,,,,,,,89,2021-03-07
798,,,65,,,,,,,23,,,,,,,,,42,,,,,,54,,,,,,,89,2021-03-08
799,,,65,,,,,,,23,,,,,,,,,42,,,,,,54,,,,,,,89,2021-03-09
800,,,65,,,,,,,23,,,,,,,,,42,,,,,,54,,,,,,,89,2021-03-10
801,,,65,,,,,,,23,,,,,,,,,42,,,,,,54,,,,,,,89,2021-03-11
802,,,65,,,,,,,23,,,,,,,,,42,,,,,,54,,,,,,,89,2021-03-12
803,,,65,,,,,,,23,,,,,,,,,42,,,,,,54,,,,,,,89,2021-03-13
804,,,65,,,,,,,23,,,,,,,,,42,,,,,,54,,,,,,,89,2021-03-14
805,,,65,,,,,,,23,,,,,,,,,42,,,,,,54,,,,,,,89,2021-03-15
806,,,65,,,,,,,23,,,,,,,,,42,,,,,,54,,,,,,,89,2021-03-16
807,,,65,,,,,,,23,,,,,,,,,42,,,,,,54,,,,,,,89,2021-03-17
808,,,65,,,,,,,23,,,,,,,,,42,,,,,,54,,,,,,,89,2021-03-18
809,,,65,,,,,,,23,,,,,,,,,42,,,,,,54,,,,,,,89,2021-03-19
810,,,65,,,,,,,23,,,,,,,,,42,,,,,,54,,,,,,,89,2021-03-20
811,,,65,,,,,,,23,,,,,,,,,42,,,,,,54,,,,,,,89,2021-03-21
812,,,65,,,,,,,23,,,,,,,,,42,,,,,,54,,,,,,,89,2021-03-22
813,,,65,,,,,,,23,,,,,,,,,42,,,,,,54,,,,,,,89,2021-03-23
814,,,65,,,,,,,23,,,,,,,,,42,,,,,,54,,,,,,,89,2021-03-24
815,,,65,,,,,,,23,,,,,,,,,42,,,,,,54,,,,,,,89,2021-03-25
816,,,65,,,,,,,23,,,,,,,,,42,,,,,,54,,,,,,,89,2021-03-26
817,,,65,,,,,,,23,,,,,,,,,42,,,,,,54,,,,,,,89,2021-03-27
818,,,65,,,,,,,23,,,,,,,,,42,,,,,,54,,,,,,,89,2021-03-28
819,,,65,,,,,,,23,,,,,,,,,42,,,,,,54,,,,,,,89,2021-03-29
820,,,65,,,,,,,23,,,,,,,,,42,,,,,,54,,,,,,,89,2021-03-30
821,,,65,,,,,,,23,,,,,,,,,42,,,,,,54,,,,,,,89,2021-03-31
822,,,65,,,,,,,23,,,,,,,,,42,,,,,,54,,,,,,,89,2021-04-01
823,,,65,,,,,,,23,,,,,,,,,42,,,,,,54,,,,,,,89,2021-04-02
824,,,65,,,,,,,23,,,,,,,,,42,,,,,,54,,,,,,,89,2021-04-03
825,,,65,,,,,,,23,,,,,,,,,42,,,,,,54,,,,,,,89,2021-04-04
826,,,65,,,,,,,23,,,,,,,,,42,,,,,,54,,,,,,,89,2021-04-05
827,,,65,,,,,,,23,,,,,,,,,42,,,,,,54,,,,,,,89,2021-04-06
828,,,65,,,,,,,23,,,,,,,,,42,,,,,,54,,,,,,,89,2021-04-07
829,,,65,,,,,,,23,,,,,,,,,42,,,,,,54,,,,,,,89,2021-04-08
830,,,65,,,,,,,23,,,,,,,,,42,,,,,,54,,,,,,,89,2021-04-09
831,,,65,,,,,,,23,,,,,,,,,42,,,,,,54,,,,,,,89,2021-04-10
832,,,65,,,,,,,23,,,,,,,,,42,,,,,,54,,,,,,,89,2021-04-11
833,,,65,,,,,,,23,,,,,,,,,42,,,,,,54,,,,,,,89,2021-04-12
834,,,65,,,,,,,23,,,,,,,,,42,,,,,,54,,,,,,,89,2021-04-13
835,,,65,,,,,,,23,,,,,,,,,42,,,,,,54,,,,,,,89,2021-04-14
836,,,65,,,,,,,23,,,,,,,,,42,,,,,,54,,,,,,,89,2021-04-15
837,,,65,,,,,,,23,,,,,,,,,42,,,,,,54,,,,,,,89,2021-04-16
838,,,65,,,,,,,23,,,,,,,,,42,,,,,,54,,,,,,,89,2021-04-17
839,,,65,,,,,,,23,,,,,,,,,42,,,,,,54,,,,,,,89,2021-04-18
840,,,65,,,,,,,23,,,,,,,,,42,,,,,,54,,,,,,,89,2021-04-19
841,,,65,,,,,,,23,,,,,,,,,42,,,,,,54,,,,,,,89,2021-04-20
842,,,65,,,,,,,23,,,,,,,,,42,,,,,,54,,,,,,,89,2021-04-21
843,,,65,,,,,,,23,,,,,,,,,42,,,,,,54,,,,,,,89,2021-04-22
844,,,65,,,,,,,23,,,,,,,,,42,,,,,,54,,,,,,,89,2021-04-23
845,,,65,,,,,,,23,,,,,,,,,42,,,,,,54,,,,,,,89,2021-04-24
846,,,65,,,,,,,23,,,,,,,,,42,,,,,,54,,,,,,,89,2021-04-25
847,,,65,,,,,,,23,,,,,,,,,42,,,,,,54,,,,,,,89,2021-04-26
848,,,65,,,,,,,23,,,,,,,,,42,,,,,,54,,,,,,,89,2021-04-27
849,,,65,,,,,,,23,,,,,,,,,42,,,,,,54,,,,,,,89,2021-04-28
850,,,65,,,,,,,23,,,,,,,,,42,,,,,,54,,,,,,,89,2021-04-29
851,,,65,,,,,,,23,,,,,,,,,42,,,,,,54,,,,,,,89,2021-04-30
852,,,65,,,,,,,23,,,,,,,,,42,,,,,,54,,,,,,,89,2021-05-01
853,,,65,,,,,,,23,,,,,,,,,42,,,,,,54,,,,,,,89,2021-05-02
854,,,65,,,,,,,23,,,,,,,,,42,,,,,,54,,,,,,,89,2021-05-03
855,,,65,,,,,,,23,,,,,,,,,42,,,,,,54,,,,,,,89,2021-05-04
856,,,65,,,,,,,23,,,,,,,,,42,,,,,,54,,,,,,,89,2021-05-05
857,,,65,,,,,,,23,,,,,,,,,42,,,,,,54,,,,,,,89,2021-05-06
858,,,65,,,,,,,23,,,,,,,,,42,,,,,,54,,,,,,,89,2021-05-07
859,,,65,,,,,,,23,,,,,,,,,42,,,,,,54,,,,,,,89,2021-05-08
860,,,65,,,,,,,23,,,,,,,,,42,,,,,,54,,,,,,,89,2021-05-09
861,,,65,,,,,,,23,,,,,,,,,42,,,,,,54,,,,,,,89,2021-05-10
862,,,65,,,,,,,23,,,,,,,,,42,,,,,,54,,,,,,,89,2021-05-11
863,,,65,,,,,,,23,,,,,,,,,42,,,,,,54,,,,,,,89,2021-05-12
864,,,65,,,,,,,23,,,,,,,,,42,,,,,,54,,,,,,,89,2021-05-13
865,,,65,,,,,,,23,,,,,,,,,42,,,,,,54,,,,,,,89,2021-05-14
866,,,65,,,,,,,23,,,,,,,,,42,,,,,,54,,,,,,,89,2021-05-15
867,,,65,,,,,,,23,,,,,,,,,42,,,,,,54,,,,,,,89,2021-05-16
868,,,65,,,,,,,23,,,,,,,,,42,,,,,,54,,,,,,,89,2021-05-17
869,,,65,,,,,,,23,,,,,,,,,42,,,,,,54,,,,,,,89,2021-05-18
870,,,65,,,,,,,23,,,,,,,,,42,,,,,,54,,,,,,,89,2021-05-19
871,,,65,,,,,,,23,,,,,,,,,42,,,,,,54,,,,,,,89,2021-05-20
872,,,65,,,,,,,23,,,,,,,,,42,,,,,,54,,,,,,,89,2021-05-21
873,,,65,,,,,,,23,,,,,,,,,42,,,,,,54,,,,,,,89,2021-05-22
874,,,65,,,,,,,23,,,,,,,,,42,,,,,,54,,,,,,,89,2021-05-23
875,,,65,,,,,,,23,,,,,,,,,42,,,,,,54,,,,,,,89,2021-05-24
876,,,65,,,,,,,23,,,,,,,,,42,,,,,,54,,,,,,,89,2021-05-25
877,,,65,,,,,,,23,,,,,,,,,42,,,,,,54,,,,,,,89,2021-05-26
878,,,65,,,,,,,23,,,,,,,,,42,,,,,,54,,,,,,,89,2021-05-27
879,,,65,,,,,,,23,,,,,,,,,42,,,,,,54,,,,,,,89,2021-05-28
880,,,65,,,,,,,23,,,,,,,,,42,,,,,,54,,,,,,,89,2021-05-29
881,,,65,,,,,,,23,,,,,,,,,42,,,,,,54,,,,,,,89,2021-05-30
882,,,65,,,,,,,23,,,,,,,,,42,,,,,,54,,,,,,,89,2021-05-31
883,,,65,,,,,,,23,,,,,,,,,42,,,,,,54,,,,,,,89,2021-06-01
884,,,65,,,,,,,23,,,,,,,,,42,,,,,,54,,,,,,,89,2021-06-02
885,,,65,,,,,,,23,,,,,,,,,42,,,,,,54,,,,,,,89,2021-06-03
886,,,65,,,,,,,23,,,,,,,,,42,,,,,,54,,,,,,,89,2021-06-04
887,,,65,,,,,,,23,,,,,,,,,42,,,,,,54,,,,,,,89,2021-06-05
888,,,65,,,,,,,23,,,,,,,,,42,,,,,,54,,,,,,,89,2021-06-06
889,,,65,,,,,,,23,,,,,,,,,42,,,,,,54,,,,,,,89,2021-06-07
890,,,65,,,,,,,23,,,,,,,,,42,,,,,,54,,,,,,,89,2021-06-08
891,,,65,,,,,,,23,,,,,,,,,42,,,,,,54,,,,,,,89,2021-06-09
892,,,65,,,,,,,23,,,,,,,,,42,,,,,,54,,,,,,,89,2021-06-10
893,,,65,,,,,,,23,,,,,,,,,42,,,,,,54,,,,,,,89,2021-06-11
894,,,65,,,,,,,23,,,,,,,,,42,,,,,,54,,,,,,,89,2021-06-12
895,,,65,,,,,,,23,,,,,,,,,42,,,,,,54,,,,,,,89,2021-06-13
896,,,65,,,,,,,23,,,,,,,,,42,,,,,,54,,,,,,,89,2021-06-14
897,,,65,,,,,,,23,,,,,,,,,42,,,,,,54,,,,,,,89,2021-06-15
898,,,65,,,,,,,23,,,,,,,,,42,,,,,,54,,,,,,,89,2021-06-16
899,,,65,,,,,,,23,,,,,,,,,42,,,,,,54,,,,,,,89,2021-06-17
900,,,65,,,,,,,23,,,,,,,,,42,,,,,,54,,,,,,,89,2021-06-18
901,,,65,,,,,,,23,,,,,,,,,42,,,,,,54,,,,,,,89,2021-06-19
902,,,65,,,,,,,23,,,,,,,,,42,,,,,,54,,,,,,,89,2021-06-20
903,,,65,,,,,,,23,,,,,,,,,42,,,,,,54,,,,,,,89,2021-06-21
904,,,65,,,,,,,23,,,,,,,,,42,,,,,,54,,,,,,,89,2021-06-22
905,,,65,,,,,,,23,,,,,,,,,42,,,,,,54,,,,,,,89,2021-06-23
906,,,65,,,,,,,23,,,,,,,,,42,,,,,,54,,,,,,,89,2021-06-24
907,,,65,,,,,,,23,,,,,,,,,42,,,,,,54,,,,,,,89,2021-06-25
908,,,65,,,,,,,23,,,,,,,,,42,,,,,,54,,,,,,,89,2021-06-26
909,,,65,,,,,,,23,,,,,,,,,42,,,,,,54,,,,,,,89,2021-06-27
910,,,65,,,,,,,23,,,,,,,,,42,,,,,,54,,,,,,,89,2021-06-28
911,,,65,,,,,,,23,,,,,,,,,42,,,,,,54,,,,,,,89,2021-06-29
912,,,65,,,,,,,23,,,,,,,,,42,,,,,,54,,,,,,,89,2021-06-30
913,,,65,,,,,,,23,,,,,,,,,42,,,,,,54,,,,,,,89,2021-07-01
914,,,65,,,,,,,23,,,,,,,,,42,,,,,,54,,,,,,,89,2021-07-02
915,,,65,,,,,,,23,,,,,,,,,42,,,,,,54,,,,,,,89,2021-07-03
916,,,65,,,,,,,23,,,,,,,,,42,,,,,,54,,,,,,,89,2021-07-04
917,,,65,,,,,,,23,,,,,,,,,42,,,,,,54,,,,,,,89,2021-07-05
918,,,65,,,,,,,23,,,,,,,,,42,,,,,,54,,,,,,,89,2021-07-06
919,,,65,,,,,,,23,,,,,,,,,42,,,,,,54,,,,,,,89,2021-07-07
920,,,65,,,,,,,23,,,,,,,,,42,,,,,,54,,,,,,,89,2021-07-08
921,,,65,,,,,,,23,,,,,,,,,42,,,,,,54,,,,,,,89,2021-07-09
922,,,65,,,,,,,23,,,,,,,,,42,,,,,,54,,,,,,,89,2021-07-10
923,,,65,,,,,,,23,,,,,,,,,42,,,,,,54,,,,,,,89,2021-07-11
924,,,65,,,,,,,23,,,,,,,,,42,,,,,,54,,,,,,,89,2021-07-12
925,,,65,,,,,,,23,,,,,,,,,42,,,,,,54,,,,,,,89,2021-07-13
926,,,65,,,,,,,23,,,,,,,,,42,,,,,,54,,,,,,,89,2021-07-14
927,,,65,,,,,,,23,,,,,,,,,42,,,,,,54,,,,,,,89,2021-07-15
928,,,65,,,,,,,23,,,,,,,,,42,,,,,,54,,,,,,,89,2021-07-16
929,,,65,,,,,,,23,,,,,,,,,42,,,,,,54,,,,,,,89,2021-07-17
930,,,65,,,,,,,23,,,,,,,,,42,,,,,,54,,,,,,,89,2021-07-18
931,,,65,,,,,,,23,,,,,,,,,42,,,,,,54,,,,,,,89,2021-07-19
932,,,65,,,,,,,23,,,,,,,,,42,,,,,,54,,,,,,,89,2021-07-20
933,,,65,,,,,,,23,,,,,,,,,42,,,,,,54,,,,,,,89,2021-07-21
934,,,65,,,,,,,23,,,,,,,,,42,,,,,,54,,,,,,,89,2021-07-22
935,,,65,,,,,,,23,,,,,,,,,42,,,,,,54,,,,,,,89,2021-07-23
936,,,65,,,,,,,23,,,,,,,,,42,,,,,,54,,,,,,,89,2021-07-24
937,,,65,,,,,,,23,,,,,,,,,42,,,,,,54,,,,,,,89,2021-07-25
938,,,65,,,,,,,23,,,,,,,,,42,,,,,,54,,,,,,,89,2021-07-26
939,,,65,,,,,,,23,,,,,,,,,42,,,,,,54,,,,,,,89,2021-07-27
940,,,65,,,,,,,23,,,,,,,,,42,,,,,,54,,,,,,,89,2021-07-28
941,,,65,,,,,,,23,,,,,,,,,42,,,,,,54,,,,,,,89,2021-07-29
942,,,65,,,,,,,23,,,,,,,,,42,,,,,,54,,,,,,,89,2021-07-30
943,,,65,,,,,,,23,,,,,,,,,42,,,,,,54,,,,,,,89,2021-07-31
944,,,65,,,,,,,23,,,,,,,,,42,,,,,,54,,,,,,,89,2021-08-01
945,,,65,,,,,,,23,,,,,,,,,42,,,,,,54,,,,,,,89,2021-08-02
946,,,65,,,,,,,23,,,,,,,,,42,,,,,,54,,,,,,,89,2021-08-03
947,,,65,,,,,,,23,,,,,,,,,42,,,,,,54,,,,,,,89,2021-08-04
948,,,65,,,,,,,23,,,,,,,,,42,,,,,,54,,,,,,,89,2021-08-05
949,,,65,,,,,,,23,,,,,,,,,42,,,,,,54,,,,,,,89,2021-08-06
950,,,65,,,,,,,23,,,,,,,,,42,,,,,,54,,,,,,,89,2021-08-07
951,,,65,,,,,,,23,,,,,,,,,42,,,,,,54,,,,,,,89,2021-08-08
952,,,65,,,,,,,23,,,,,,,,,42,,,,,,54,,,,,,,89,2021-08-09
953,,,65,,,,,,,23,,,,,,,,,42,,,,,,54,,,,,,,89,2021-08-10
954,,,65,,,,,,,23,,,,,,,,,42,,,,,,54,,,,,,,89,2021-08-11
955,,,65,,,,,,,23,,,,,,,,,42,,,,,,54,,,,,,,89,2021-08-12
956,,,65,,,,,,,23,,,,,,,,,42,,,,,,54,,,,,,,89,2021-08-13
957,,,65,,,,,,,23,,,,,,,,,42,,,,,,54,,,,,,,89,2021-08-14
958,,,65,,,,,,,23,,,,,,,,,42,,,,,,54,,,,,,,89,2021-08-15
959,,,65,,,,,,,23,,,,,,,,,42,,,,,,54,,,,,,,89,2021-08-16
960,,,65,,,,,,,23,,,,,,,,,42,,,,,,54,,,,,,,89,2021-08-17
961,,,65,,,,,,,23,,,,,,,,,42,,,,,,54,,,,,,,89,2021-08-18
962,,,65,,,,,,,23,,,,,,,,,42,,,,,,54,,,,,,,89,2021-08-19
963,,,65,,,,,,,23,,,,,,,,,42,,,,,,54,,,,,,,89,2021-08-20
964,,,65,,,,,,,23,,,,,,,,,42,,,,,,54,,,,,,,89,2021-08-21
965,,,65,,,,,,,23,,,,,,,,,42,,,,,,54,,,,,,,89,2021-08-22
966,,,65,,,,,,,23,,,,,,,,,42,,,,,,54,,,,,,,89,2021-08-23
967,,,65,,,,,,,23,,,,,,,,,42,,,,,,54,,,,,,,89,2021-08-24
968,,,65,,,,,,,23,,,,,,,,,42,,,,,,54,,,,,,,89,2021-08-25
969,,,65,,,,,,,23,,,,,,,,,42,,,,,,54,,,,,,,89,2021-08-26
970,,,65,,,,,,,23,,,,,,,,,42,,,,,,54,,,,,,,89,2021-08-27
971,,,65,,,,,,,23,,,,,,,,,42,,,,,,54,,,,,,,89,2021-08-28
972,,,65,,,,,,,23,,,,,,,,,42,,,,,,54,,,,,,,89,2021-08-29
973,,,65,,,,,,,23,,,,,,,,,42,,,,,,54,,,,,,,89,2021-08-30
974,,,65,,,,,,,23,,,,,,,,,42,,,,,,54,,,,,,,89,2021-08-31
975,,,65,,,,,,,23,,,,,,,,,42,,,,,,54,,,,,,,89,2021-09-01
976,,,65,,,,,,,23,,,,,,,,,42,,,,,,54,,,,,,,89,2021-09-02
977,,,65,,,,,,,23,,,,,,,,,42,,,,,,54,,,,,,,89,2021-09-03
978,,,65,,,,,,,23,,,,,,,,,42,,,,,,54,,,,,,,89,2021-09-04
979,,,65,,,,,,,23,,,,,,,,,42,,,,,,54,,,,,,,89,2021-09-05
980,,,65,,,,,,,23,,,,,,,,,42,,,,,,54,,,,,,,89,2021-09-06
981,,,65,,,,,,,23,,,,,,,,,42,,,,,,54,,,,,,,89,2021-09-07
982,,,65,,,,,,,23,,,,,,,,,42,,,,,,54,,,,,,,89,2021-09-08
983,,,65,,,,,,,23,,,,,,,,,42,,,,,,54,,,,,,,89,2021-09-09
984,,,65,,,,,,,23,,,,,,,,,42,,,,,,54,,,,,,,89,2021-09-10
985,,,65,,,,,,,23,,,,,,,,,42,,,,,,54,,,,,,,89,2021-09-11
986,,,65,,,,,,,23,,,,,,,,,42,,,,,,54,,,,,,,89,2021-09-12
987,,,65,,,,,,,23,,,,,,,,,42,,,,,,54,,,,,,,89,2021-09-13
988,,,65,,,,,,,23,,,,,,,,,42,,,,,,54,,,,,,,89,2021-09-14
989,,,65,,,,,,,23,,,,,,,,,42,,,,,,54,,,,,,,89,2021-09-15
990,,,65,,,,,,,23,,,,,,,,,42,,,,,,54,,,,,,,89,2021-09-16
991,,,65,,,,,,,23,,,,,,,,,42,,,,,,54,,,,,,,89,2021-09-17
992,,,65,,,,,,,23,,,,,,,,,42,,,,,,54,,,,,,,89,2021-09-18
993,,,65,,,,,,,23,,,,,,,,,42,,,,,,54,,,,,,,89,2021-09-19
994,,,65,,,,,,,23,,,,,,,,,42,,,,,,54,,,,,,,89,2021-09-20
995,,,65,,,,,,,23,,,,,,,,,42,,,,,,54,,,,,,,89,2021-09-21
996,,,65,,,,,,,23,,,,,,,,,42,,,,,,54,,,,,,,89,2021-09-22
997,,,65,,,,,,,23,,,,,,,,,42,,,,,,54,,,,,,,89,2021-09-23
998,,,65,,,,,,,23,,,,,,,,,42,,,,,,54,,,,,,,89,2021-09-24
999,,,65,,,,,,,23,,,,,,,,,42,,,,,,54,,,,,,,89,2021-09-25
1000,,,65,,,,,,,23,,,,,,,,,42,,,,,,54,,,,,,,89,2021-09-26
1001,,,65,,,,,,,23,,,,,,,,,42,,,,,,54,,,,,,,89,2021-09-27
1002,,,65,,,,,,,23,,,,,,,,,42,,,,,,54,,,,,,,89,2021-09-28
1003,,,65,,,,,,,23,,,,,,,,,42,,,,,,54,,,,,,,89,2021-09-29
1004,,,65,,,,,,,23,,,,,,,,,42,,,,,,54,,,,,,,89,2021-09-30
1005,,,65,,,,,,,23,,,,,,,,,42,,,,,,54,,,,,,,89,2021-10-01
1006,,,65,,,,,,,23,,,,,,,,,42,,,,,,54,,,,,,,89,2021-10-02
1007,,,65,,,,,,,23,,,,,,,,,42,,,,,,54,,,,,,,89,2021-10-03
1008,,,65,,,,,,,23,,,,,,,,,42,,,,,,54,,,,,,,89,2021-10-04
1009,,,65,,,,,,,23,,,,,,,,,42,,,,,,54,,,,,,,89,2021-10-05
1010,,,65,,,,,,,23,,,,,,,,,42,,,,,,54,,,,,,,89,2021-10-06
1011,,,65,,,,,,,23,,,,,,,,,42,,,,,,54,,,,,,,89,2021-10-07
1012,,,65,,,,,,,23,,,,,,,,,42,,,,,,54,,,,,,,89,2021-10-08
1013,,,65,,,,,,,23,,,,,,,,,42,,,,,,54,,,,,,,89,2021-10-09
1014,,,65,,,,,,,23,,,,,,,,,42,,,,,,54,,,,,,,89,2021-10-10
1015,,,65,,,,,,,23,,,,,,,,,42,,,,,,54,,,,,,,89,2021-10-11
1016,,,65,,,,,,,23,,,,,,,,,42,,,,,,54,,,,,,,89,2021-10-12
1017,,,65,,,,,,,23,,,,,,,,,42,,,,,,54,,,,,,,89,2021-10-13
1018,,,65,,,,,,,23,,,,,,,,,42,,,,,,54,,,,,,,89,2021-10-14
1019,,,65,,,,,,,23,,,,,,,,,42,,,,,,54,,,,,,,89,2021-10-15
1020,,,65,,,,,,,23,,,,,,,,,42,,,,,,54,,,,,,,89,2021-10-16
1021,,,65,,,,,,,23,,,,,,,,,42,,,,,,54,,,,,,,89,2021-10-17
1022,,,65,,,,,,,23,,,,,,,,,42,,,,,,54,,,,,,,89,2021-10-18
1023,,,65,,,,,,,23,,,,,,,,,42,,,,,,54,,,,,,,89,2021-10-19
1024,,,65,,,,,,,23,,,,,,,,,42,,,,,,54,,,,,,,89,2021-10-20
1025,,,65,,,,,,,23,,,,,,,,,42,,,,,,54,,,,,,,89,2021-10-21
1026,,,65,,,,,,,23,,,,,,,,,42,,,,,,54,,,,,,,89,2021-10-22
1027,,,65,,,,,,,23,,,,,,,,,42,,,,,,54,,,,,,,89,2021-10-23
1028,,,65,,,,,,,23,,,,,,,,,42,,,,,,54,,,,,,,89,2021-10-24
1029,,,65,,,,,,,23,,,,,,,,,42,,,,,,54,,,,,,,89,2021-10-25
1030,,,65,,,,,,,23,,,,,,,,,42,,,,,,54,,,,,,,89,2021-10-26
1031,,,65,,,,,,,23,,,,,,,,,42,,,,,,54,,,,,,,89,2021-10-27
1032,,,65,,,,,,,23,,,,,,,,,42,,,,,,54,,,,,,,89,2021-10-28
1033,,,65,,,,,,,23,,,,,,,,,42,,,,,,54,,,,,,,89,2021-10-29
1034,,,65,,,,,,,23,,,,,,,,,42,,,,,,54,,,,,,,89,2021-10-30
1035,,,65,,,,,,,23,,,,,,,,,42,,,,,,54,,,,,,,89,2021-10-31
1036,,,65,,,,,,,23,,,,,,,,,42,,,,,,54,,,,,,,89,2021-11-01
1037,,,65,,,,,,,23,,,,,,,,,42,,,,,,54,,,,,,,89,2021-11-02
1038,,,65,,,,,,,23,,,,,,,,,42,,,,,,54,,,,,,,89,2021-11-03
1039,,,65,,,,,,,23,,,,,,,,,42,,,,,,54,,,,,,,89,2021-11-04
1040,,,65,,,,,,,23,,,,,,,,,42,,,,,,54,,,,,,,89,2021-11-05
1041,,,65,,,,,,,23,,,,,,,,,42,,,,,,54,,,,,,,89,2021-11-06
1042,,,65,,,,,,,23,,,,,,,,,42,,,,,,54,,,,,,,89,2021-11-07
1043,,,65,,,,,,,23,,,,,,,,,42,,,,,,54,,,,,,,89,2021-11-08
1044,,,65,,,,,,,23,,,,,,,,,42,,,,,,54,,,,,,,89,2021-11-09
1045,,,65,,,,,,,23,,,,,,,,,42,,,,,,54,,,,,,,89,2021-11-10
1046,,,65,,,,,,,23,,,,,,,,,42,,,,,,54,,,,,,,89,2021-11-11
1047,,,65,,,,,,,23,,,,,,,,,42,,,,,,54,,,,,,,89,2021-11-12
1048,,,65,,,,,,,23,,,,,,,,,42,,,,,,54,,,,,,,89,2021-11-13
1049,,,65,,,,,,,23,,,,,,,,,42,,,,,,54,,,,,,,89,2021-11-14
1050,,,65,,,,,,,23,,,,,,,,,42,,,,,,54,,,,,,,89,2021-11-15
1051,,,65,,,,,,,23,,,,,,,,,42,,,,,,54,,,,,,,89,2021-11-16
1052,,,65,,,,,,,23,,,,,,,,,42,,,,,,54,,,,,,,89,2021-11-17
1053,,,65,,,,,,,23,,,,,,,,,42,,,,,,54,,,,,,,89,2021-11-18
1054,,,65,,,,,,,23,,,,,,,,,42,,,,,,54,,,,,,,89,2021-11-19
1055,,,65,,,,,,,23,,,,,,,,,42,,,,,,54,,,,,,,89,2021-11-20
1056,,,65,,,,,,,23,,,,,,,,,42,,,,,,54,,,,,,,89,2021-11-21
1057,,,65,,,,,,,23,,,,,,,,,42,,,,,,54,,,,,,,89,2021-11-22
1058,,,65,,,,,,,23,,,,,,,,,42,,,,,,54,,,,,,,89,2021-11-23
1059,,,65,,,,,,,23,,,,,,,,,42,,,,,,54,,,,,,,89,2021-11-24
1060,,,65,,,,,,,23,,,,,,,,,42,,,,,,54,,,,,,,89,2021-11-25
1061,,,65,,,,,,,23,,,,,,,,,42,,,,,,54,,,,,,,89,2021-11-26
1062,,,65,,,,,,,23,,,,,,,,,42,,,,,,54,,,,,,,89,2021-11-27
1063,,,65,,,,,,,23,,,,,,,,,42,,,,,,54,,,,,,,89,2021-11-28
1064,,,65,,,,,,,23,,,,,,,,,42,,,,,,54,,,,,,,89,2021-11-29
1065,,,65,,,,,,,23,,,,,,,,,42,,,,,,54,,,,,,,89,2021-11-30
1066,,,65,,,,,,,23,,,,,,,,,42,,,,,,54,,,,,,,89,2021-12-01
1067,,,65,,,,,,,23,,,,,,,,,42,,,,,,54,,,,,,,89,2021-12-02
1068,,,65,,,,,,,23,,,,,,,,,42,,,,,,54,,,,,,,89,2021-12-03
1069,,,65,,,,,,,23,,,,,,,,,42,,,,,,54,,,,,,,89,2021-12-04
1070,,,65,,,,,,,23,,,,,,,,,42,,,,,,54,,,,,,,89,2021-12-05
1071,,,65,,,,,,,23,,,,,,,,,42,,,,,,54,,,,,,,89,2021-12-06
1072,,,65,,,,,,,23,,,,,,,,,42,,,,,,54,,,,,,,89,2021-12-07
1073,,,65,,,,,,,23,,,,,,,,,42,,,,,,54,,,,,,,89,2021-12-08
1074,,,65,,,,,,,23,,,,,,,,,42,,,,,,54,,,,,,,89,2021-12-09
1075,,,65,,,,,,,23,,,,,,,,,42,,,,,,54,,,,,,,89,2021-12-10
1076,,,65,,,,,,,23,,,,,,,,,42,,,,,,54,,,,,,,89,2021-12-11
1077,,,65,,,,,,,23,,,,,,,,,42,,,,,,54,,,,,,,89,2021-12-12
1078,,,65,,,,,,,23,,,,,,,,,42,,,,,,54,,,,,,,89,2021-12-13
1079,,,65,,,,,,,23,,,,,,,,,42,,,,,,54,,,,,,,89,2021-12-14
1080,,,65,,,,,,,23,,,,,,,,,42,,,,,,54,,,,,,,89,2021-12-15
1081,,,65,,,,,,,23,,,,,,,,,42,,,,,,54,,,,,,,89,2021-12-16
1082,,,65,,,,,,,23,,,,,,,,,42,,,,,,54,,,,,,,89,2021-12-17
1083,,,65,,,,,,,23,,,,,,,,,42,,,,,,54,,,,,,,89,2021-12-18
1084,,,65,,,,,,,23,,,,,,,,,42,,,,,,54,,,,,,,89,2021-12-19
1085,,,65,,,,,,,23,,,,,,,,,42,,,,,,54,,,,,,,89,2021-12-20
1086,,,65,,,,,,,23,,,,,,,,,42,,,,,,54,,,,,,,89,2021-12-21
1087,,,65,,,,,,,23,,,,,,,,,42,,,,,,54,,,,,,,89,2021-12-22
1088,,,65,,,,,,,23,,,,,,,,,42,,,,,,54,,,,,,,89,2021-12-23
1089,,,65,,,,,,,23,,,,,,,,,42,,,,,,54,,,,,,,89,2021-12-24
1090,,,65,,,,,,,23,,,,,,,,,42,,,,,,54,,,,,,,89,2021-12-25
1091,,,65,,,,,,,23,,,,,,,,,42,,,,,,54,,,,,,,89,2021-12-26
1092,,,65,,,,,,,23,,,,,,,,,42,,,,,,54,,,,,,,89,2021-12-27
1093,,,65,,,,,,,23,,,,,,,,,42,,,,,,54,,,,,,,89,2021-12-28
1094,,,65,,,,,,,23,,,,,,,,,42,,,,,,54,,,,,,,89,2021-12-29
1095,,,65,,,,,,,23,,,,,,,,,42,,,,,,54,,,,,,,89,2021-12-30
1096,,,65,,,,,,,23,,,,,,,,,42,,,,,,54,,,,,,,89,2021-12-31
1097,,,65,,,,,,,23,,,,,,,,,42,,,,,,54,,,,,,,89,2022-01-01
1098,,,65,,,,,,,23,,,,,,,,,42,,,,,,54,,,,,,,89,2022-01-02
1099,,,65,,,,,,,23,,,,,,,,,42,,,,,,54,,,,,,,89,2022-01-03
1100,,,65,,,,,,,23,,,,,,,,,42,,,,,,54,,,,,,,89,2022-01-04
1101,,,65,,,,,,,23,,,,,,,,,42,,,,,,54,,,,,,,89,2022-01-05
1102,,,65,,,,,,,23,,,,,,,,,42,,,,,,54,,,,,,,89,2022-01-06
1103,,,65,,,,,,,23,,,,,,,,,42,,,,,,54,,,,,,,89,2022-01-07
1104,,,65,,,,,,,23,,,,,,,,,42,,,,,,54,,,,,,,89,2022-01-08
1105,,,65,,,,,,,23,,,,,,,,,42,,,,,,54,,,,,,,89,2022-01-09
1106,,,65,,,,,,,23,,,,,,,,,42,,,,,,54,,,,,,,89,2022-01-10
1107,,,65,,,,,,,23,,,,,,,,,42,,,,,,54,,,,,,,89,2022-01-11
1108,,,65,,,,,,,23,,,,,,,,,42,,,,,,54,,,,,,,89,2022-01-12
1109,,,65,,,,,,,23,,,,,,,,,42,,,,,,54,,,,,,,89,2022-01-13
1110,,,65,,,,,,,23,,,,,,,,,42,,,,,,54,,,,,,,89,2022-01-14
1111,,,65,,,,,,,23,,,,,,,,,42,,,,,,54,,,,,,,89,2022-01-15
1112,,,65,,,,,,,23,,,,,,,,,42,,,,,,54,,,,,,,89,2022-01-16
1113,,,65,,,,,,,23,,,,,,,,,42,,,,,,54,,,,,,,89,2022-01-17
1114,,,65,,,,,,,23,,,,,,,,,42,,,,,,54,,,,,,,89,2022-01-18
1115,,,65,,,,,,,23,,,,,,,,,42,,,,,,54,,,,,,,89,2022-01-19
1116,,,65,,,,,,,23,,,,,,,,,42,,,,,,54,,,,,,,89,2022-01-20
1117,,,65,,,,,,,23,,,,,,,,,42,,,,,,54,,,,,,,89,2022-01-21
1118,,,65,,,,,,,23,,,,,,,,,42,,,,,,54,,,,,,,89,2022-01-22
1119,,,65,,,,,,,23,,,,,,,,,42,,,,,,54,,,,,,,89,2022-01-23
1120,,,65,,,,,,,23,,,,,,,,,42,,,,,,54,,,,,,,89,2022-01-24
1121,,,65,,,,,,,23,,,,,,,,,42,,,,,,54,,,,,,,89,2022-01-25
1122,,,65,,,,,,,23,,,,,,,,,42,,,,,,54,,,,,,,89,2022-01-26
1123,,,65,,,,,,,23,,,,,,,,,42,,,,,,54,,,,,,,89,2022-01-27
1124,,,65,,,,,,,23,,,,,,,,,42,,,,,,54,,,,,,,89,2022-01-28
1125,,,65,,,,,,,23,,,,,,,,,42,,,,,,54,,,,,,,89,2022-01-29
1126,,,65,,,,,,,23,,,,,,,,,42,,,,,,54,,,,,,,89,2022-01-30
1127,,,65,,,,,,,23,,,,,,,,,42,,,,,,54,,,,,,,89,2022-01-31
1128,,,65,,,,,,,23,,,,,,,,,42,,,,,,54,,,,,,,89,2022-02-01
1129,,,65,,,,,,,23,,,,,,,,,42,,,,,,54,,,,,,,89,2022-02-02
1130,,,65,,,,,,,23,,,,,,,,,42,,,,,,54,,,,,,,89,2022-02-03
1131,,,65,,,,,,,23,,,,,,,,,42,,,,,,54,,,,,,,89,2022-02-04
1132,,,65,,,,,,,23,,,,,,,,,42,,,,,,54,,,,,,,89,2022-02-05
1133,,,65,,,,,,,23,,,,,,,,,42,,,,,,54,,,,,,,89,2022-02-06
1134,,,65,,,,,,,23,,,,,,,,,42,,,,,,54,,,,,,,89,2022-02-07
1135,,,65,,,,,,,23,,,,,,,,,42,,,,,,54,,,,,,,89,2022-02-08
1136,,,65,,,,,,,23,,,,,,,,,42,,,,,,54,,,,,,,89,2022-02-09
1137,,,65,,,,,,,23,,,,,,,,,42,,,,,,54,,,,,,,89,2022-02-10
1138,,,65,,,,,,,23,,,,,,,,,42,,,,,,54,,,,,,,89,2022-02-11
1139,,,65,,,,,,,23,,,,,,,,,42,,,,,,54,,,,,,,89,2022-02-12
1140,,,65,,,,,,,23,,,,,,,,,42,,,,,,54,,,,,,,89,2022-02-13
1141,,,65,,,,,,,23,,,,,,,,,42,,,,,,54,,,,,,,89,2022-02-14
1142,,,65,,,,,,,23,,,,,,,,,42,,,,,,54,,,,,,,89,2022-02-15
1143,,,65,,,,,,,23,,,,,,,,,42,,,,,,54,,,,,,,89,2022-02-16
1144,,,65,,,,,,,23,,,,,,,,,42,,,,,,54,,,,,,,89,2022-02-17
1145,,,65,,,,,,,23,,,,,,,,,42,,,,,,54,,,,,,,89,2022-02-18
1146,,,65,,,,,,,23,,,,,,,,,42,,,,,,54,,,,,,,89,2022-02-19
1147,,,65,,,,,,,23,,,,,,,,,42,,,,,,54,,,,,,,89,2022-02-20
1148,,,65,,,,,,,23,,,,,,,,,42,,,,,,54,,,,,,,89,2022-02-21
1149,,,65,,,,,,,23,,,,,,,,,42,,,,,,54,,,,,,,89,2022-02-22
1150,,,65,,,,,,,23,,,,,,,,,42,,,,,,54,,,,,,,89,2022-02-23
1151,,,65,,,,,,,23,,,,,,,,,42,,,,,,54,,,,,,,89,2022-02-24
1152,,,65,,,,,,,23,,,,,,,,,42,,,,,,54,,,,,,,89,2022-02-25
1153,,,65,,,,,,,23,,,,,,,,,42,,,,,,54,,,,,,,89,2022-02-26
1154,,,65,,,,,,,23,,,,,,,,,42,,,,,,54,,,,,,,89,2022-02-27
1155,,,65,,,,,,,23,,,,,,,,,42,,,,,,54,,,,,,,89,2022-02-28
1156,,,65,,,,,,,23,,,,,,,,,42,,,,,,54,,,,,,,89,2022-03-01
1157,,,65,,,,,,,23,,,,,,,,,42,,,,,,54,,,,,,,89,2022-03-02
1158,,,65,,,,,,,23,,,,,,,,,42,,,,,,54,,,,,,,89,2022-03-03
1159,,,65,,,,,,,23,,,,,,,,,42,,,,,,54,,,,,,,89,2022-03-04
1160,,,65,,,,,,,23,,,,,,,,,42,,,,,,54,,,,,,,89,2022-03-05
1161,,,65,,,,,,,23,,,,,,,,,42,,,,,,54,,,,,,,89,2022-03-06
1162,,,65,,,,,,,23,,,,,,,,,42,,,,,,54,,,,,,,89,2022-03-07
1163,,,65,,,,,,,23,,,,,,,,,42,,,,,,54,,,,,,,89,2022-03-08
1164,,,65,,,,,,,23,,,,,,,,,42,,,,,,54,,,,,,,89,2022-03-09
1165,,,65,,,,,,,23,,,,,,,,,42,,,,,,54,,,,,,,89,2022-03-10
1166,,,65,,,,,,,23,,,,,,,,,42,,,,,,54,,,,,,,89,2022-03-11
1167,,,65,,,,,,,23,,,,,,,,,42,,,,,,54,,,,,,,89,2022-03-12
1168,,,65,,,,,,,23,,,,,,,,,42,,,,,,54,,,,,,,89,2022-03-13
1169,,,65,,,,,,,23,,,,,,,,,42,,,,,,54,,,,,,,89,2022-03-14
1170,,,65,,,,,,,23,,,,,,,,,42,,,,,,54,,,,,,,89,2022-03-15
1171,,,65,,,,,,,23,,,,,,,,,42,,,,,,54,,,,,,,89,2022-03-16
1172,,,65,,,,,,,23,,,,,,,,,42,,,,,,54,,,,,,,89,2022-03-17
1173,,,65,,,,,,,23,,,,,,,,,42,,,,,,54,,,,,,,89,2022-03-18
1174,,,65,,,,,,,23,,,,,,,,,42,,,,,,54,,,,,,,89,2022-03-19
1175,,,65,,,,,,,23,,,,,,,,,42,,,,,,54,,,,,,,89,2022-03-20
1176,,,65,,,,,,,23,,,,,,,,,42,,,,,,54,,,,,,,89,2022-03-21
1177,,,65,,,,,,,23,,,,,,,,,42,,,,,,54,,,,,,,89,2022-03-22
1178,,,65,,,,,,,23,,,,,,,,,42,,,,,,54,,,,,,,89,2022-03-23
1179,,,65,,,,,,,23,,,,,,,,,42,,,,,,54,,,,,,,89,2022-03-24
1180,,,65,,,,,,,23,,,,,,,,,42,,,,,,54,,,,,,,89,2022-03-25
1181,,,65,,,,,,,23,,,,,,,,,42,,,,,,54,,,,,,,89,2022-03-26
1182,,,65,,,,,,,23,,,,,,,,,42,,,,,,54,,,,,,,89,2022-03-27
1183,,,65,,,,,,,23,,,,,,,,,42,,,,,,54,,,,,,,89,2022-03-28
1184,,,65,,,,,,,23,,,,,,,,,42,,,,,,54,,,,,,,89,2022-03-29
1185,,,65,,,,,,,23,,,,,,,,,42,,,,,,54,,,,,,,89,2022-03-30
1186,,,65,,,,,,,23,,,,,,,,,42,,,,,,54,,,,,,,89,2022-03-31
1187,,,65,,,,,,,23,,,,,,,,,42,,,,,,54,,,,,,,89,2022-04-01
1188,,,65,,,,,,,23,,,,,,,,,42,,,,,,54,,,,,,,89,2022-04-02
1189,,,65,,,,,,,23,,,,,,,,,42,,,,,,54,,,,,,,89,2022-04-03
1190,,,65,,,,,,,23,,,,,,,,,42,,,,,,54,,,,,,,89,2022-04-04
1191,,,65,,,,,,,23,,,,,,,,,42,,,,,,54,,,,,,,89,2022-04-05
1192,,,65,,,,,,,23,,,,,,,,,42,,,,,,54,,,,,,,89,2022-04-06
1193,,,65,,,,,,,23,,,,,,,,,42,,,,,,54,,,,,,,89,2022-04-07
1194,,,65,,,,,,,23,,,,,,,,,42,,,,,,54,,,,,,,89,2022-04-08
1195,,,65,,,,,,,23,,,,,,,,,42,,,,,,54,,,,,,,89,2022-04-09
1196,,,65,,,,,,,23,,,,,,,,,42,,,,,,54,,,,,,,89,2022-04-10
1197,,,65,,,,,,,23,,,,,,,,,42,,,,,,54,,,,,,,89,2022-04-11
1198,,,65,,,,,,,23,,,,,,,,,42,,,,,,54,,,,,,,89,2022-04-12
1199,,,65,,,,,,,23,,,,,,,,,42,,,,,,54,,,,,,,89,2022-04-13
1200,,,65,,,,,,,23,,,,,,,,,42,,,,,,54,,,,,,,89,2022-04-14
1201,,,65,,,,,,,23,,,,,,,,,42,,,,,,54,,,,,,,89,2022-04-15
1202,,,65,,,,,,,23,,,,,,,,,42,,,,,,54,,,,,,,89,2022-04-16
1203,,,65,,,,,,,23,,,,,,,,,42,,,,,,54,,,,,,,89,2022-04-17
1204,,,65,,,,,,,23,,,,,,,,,42,,,,,,54,,,,,,,89,2022-04-18
1205,,,65,,,,,,,23,,,,,,,,,42,,,,,,54,,,,,,,89,2022-04-19
1206,,,65,,,,,,,23,,,,,,,,,42,,,,,,54,,,,,,,89,2022-04-20
1207,,,65,,,,,,,23,,,,,,,,,42,,,,,,54,,,,,,,89,2022-04-21
1208,,,65,,,,,,,23,,,,,,,,,42,,,,,,54,,,,,,,89,2022-04-22
1209,,,65,,,,,,,23,,,,,,,,,42,,,,,,54,,,,,,,89,2022-04-23
1210,,,65,,,,,,,23,,,,,,,,,42,,,,,,54,,,,,,,89,2022-04-24
1211,,,65,,,,,,,23,,,,,,,,,42,,,,,,54,,,,,,,89,2022-04-25
1212,,,65,,,,,,,23,,,,,,,,,42,,,,,,54,,,,,,,89,2022-04-26
1213,,,65,,,,,,,23,,,,,,,,,42,,,,,,54,,,,,,,89,2022-04-27
1214,,,65,,,,,,,23,,,,,,,,,42,,,,,,54,,,,,,,89,2022-04-28
1215,,,65,,,,,,,23,,,,,,,,,42,,,,,,54,,,,,,,89,2022-04-29
1216,,,65,,,,,,,23,,,,,,,,,42,,,,,,54,,,,,,,89,2022-04-30
1217,,,65,,,,,,,23,,,,,,,,,42,,,,,,54,,,,,,,89,2022-05-01
1218,,,65,,,,,,,23,,,,,,,,,42,,,,,,54,,,,,,,89,2022-05-02
1219,,,65,,,,,,,23,,,,,,,,,42,,,,,,54,,,,,,,89,2022-05-03
1220,,,65,,,,,,,23,,,,,,,,,42,,,,,,54,,,,,,,89,2022-05-04
1221,,,65,,,,,,,23,,,,,,,,,42,,,,,,54,,,,,,,89,2022-05-05
1222,,,65,,,,,,,23,,,,,,,,,42,,,,,,54,,,,,,,89,2022-05-06
1223,,,65,,,,,,,23,,,,,,,,,42,,,,,,54,,,,,,,89,2022-05-07
1224,,,65,,,,,,,23,,,,,,,,,42,,,,,,54,,,,,,,89,2022-05-08
1225,,,65,,,,,,,23,,,,,,,,,42,,,,,,54,,,,,,,89,2022-05-09
1226,,,65,,,,,,,23,,,,,,,,,42,,,,,,54,,,,,,,89,2022-05-10
1227,,,65,,,,,,,23,,,,,,,,,42,,,,,,54,,,,,,,89,2022-05-11
1228,,,65,,,,,,,23,,,,,,,,,42,,,,,,54,,,,,,,89,2022-05-12
1229,,,65,,,,,,,23,,,,,,,,,42,,,,,,54,,,,,,,89,2022-05-13
1230,,,65,,,,,,,23,,,,,,,,,42,,,,,,54,,,,,,,89,2022-05-14
1231,,,65,,,,,,,23,,,,,,,,,42,,,,,,54,,,,,,,89,2022-05-15
1232,,,65,,,,,,,23,,,,,,,,,42,,,,,,54,,,,,,,89,2022-05-16
1233,,,65,,,,,,,23,,,,,,,,,42,,,,,,54,,,,,,,89,2022-05-17
1234,,,65,,,,,,,23,,,,,,,,,42,,,,,,54,,,,,,,89,2022-05-18
1235,,,65,,,,,,,23,,,,,,,,,42,,,,,,54,,,,,,,89,2022-05-19
1236,,,65,,,,,,,23,,,,,,,,,42,,,,,,54,,,,,,,89,2022-05-20
1237,,,65,,,,,,,23,,,,,,,,,42,,,,,,54,,,,,,,89,2022-05-21
1238,,,65,,,,,,,23,,,,,,,,,42,,,,,,54,,,,,,,89,2022-05-22
1239,,,65,,,,,,,23,,,,,,,,,42,,,,,,54,,,,,,,89,2022-05-23
1240,,,65,,,,,,,23,,,,,,,,,42,,,,,,54,,,,,,,89,2022-05-24
1241,,,65,,,,,,,23,,,,,,,,,42,,,,,,54,,,,,,,89,2022-05-25
1242,,,65,,,,,,,23,,,,,,,,,42,,,,,,54,,,,,,,89,2022-05-26
1243,,,65,,,,,,,23,,,,,,,,,42,,,,,,54,,,,,,,89,2022-05-27
1244,,,65,,,,,,,23,,,,,,,,,42,,,,,,54,,,,,,,89,2022-05-28
1245,,,65,,,,,,,23,,,,,,,,,42,,,,,,54,,,,,,,89,2022-05-29
1246,,,65,,,,,,,23,,,,,,,,,42,,,,,,54,,,,,,,89,2022-05-30
1247,,,65,,,,,,,23,,,,,,,,,42,,,,,,54,,,,,,,89,2022-05-31
1248,,,65,,,,,,,23,,,,,,,,,42,,,,,,54,,,,,,,89,2022-06-01
1249,,,65,,,,,,,23,,,,,,,,,42,,,,,,54,,,,,,,89,2022-06-02
1250,,,65,,,,,,,23,,,,,,,,,42,,,,,,54,,,,,,,89,2022-06-03
1251,,,65,,,,,,,23,,,,,,,,,42,,,,,,54,,,,,,,89,2022-06-04
1252,,,65,,,,,,,23,,,,,,,,,42,,,,,,54,,,,,,,89,2022-06-05
1253,,,65,,,,,,,23,,,,,,,,,42,,,,,,54,,,,,,,89,2022-06-06
1254,,,65,,,,,,,23,,,,,,,,,42,,,,,,54,,,,,,,89,2022-06-07
1255,,,65,,,,,,,23,,,,,,,,,42,,,,,,54,,,,,,,89,2022-06-08
1256,,,65,,,,,,,23,,,,,,,,,42,,,,,,54,,,,,,,89,2022-06-09
1257,,,65,,,,,,,23,,,,,,,,,42,,,,,,54,,,,,,,89,2022-06-10
1258,,,65,,,,,,,23,,,,,,,,,42,,,,,,54,,,,,,,89,2022-06-11
1259,,,65,,,,,,,23,,,,,,,,,42,,,,,,54,,,,,,,89,2022-06-12
1260,,,65,,,,,,,23,,,,,,,,,42,,,,,,54,,,,,,,89,2022-06-13
1261,,,65,,,,,,,23,,,,,,,,,42,,,,,,54,,,,,,,89,2022-06-14
1262,,,65,,,,,,,23,,,,,,,,,42,,,,,,54,,,,,,,89,2022-06-15
1263,,,65,,,,,,,23,,,,,,,,,42,,,,,,54,,,,,,,89,2022-06-16
1264,,,65,,,,,,,23,,,,,,,,,42,,,,,,54,,,,,,,89,2022-06-17
1265,,,65,,,,,,,23,,,,,,,,,42,,,,,,54,,,,,,,89,2022-06-18
1266,,,65,,,,,,,23,,,,,,,,,42,,,,,,54,,,,,,,89,2022-06-19
1267,,,65,,,,,,,23,,,,,,,,,42,,,,,,54,,,,,,,89,2022-06-20
1268,,,65,,,,,,,23,,,,,,,,,42,,,,,,54,,,,,,,89,2022-06-21
1269,,,65,,,,,,,23,,,,,,,,,42,,,,,,54,,,,,,,89,2022-06-22
1270,,,65,,,,,,,23,,,,,,,,,42,,,,,,54,,,,,,,89,2022-06-23
1271,,,65,,,,,,,23,,,,,,,,,42,,,,,,54,,,,,,,89,2022-06-24
1272,,,65,,,,,,,23,,,,,,,,,42,,,,,,54,,,,,,,89,2022-06-25
1273,,,65,,,,,,,23,,,,,,,,,42,,,,,,54,,,,,,,89,2022-06-26
1274,,,65,,,,,,,23,,,,,,,,,42,,,,,,54,,,,,,,89,2022-06-27
1275,,,65,,,,,,,23,,,,,,,,,42,,,,,,54,,,,,,,89,2022-06-28
1276,,,65,,,,,,,23,,,,,,,,,42,,,,,,54,,,,,,,89,2022-06-29
1277,,,65,,,,,,,23,,,,,,,,,42,,,,,,54,,,,,,,89,2022-06-30
1278,,,65,,,,,,,23,,,,,,,,,42,,,,,,54,,,,,,,89,2022-07-01
1279,,,65,,,,,,,23,,,,,,,,,42,,,,,,54,,,,,,,89,2022-07-02
1280,,,65,,,,,,,23,,,,,,,,,42,,,,,,54,,,,,,,89,2022-07-03
1281,,,65,,,,,,,23,,,,,,,,,42,,,,,,54,,,,,,,89,2022-07-04
1282,,,65,,,,,,,23,,,,,,,,,42,,,,,,54,,,,,,,89,2022-07-05
1283,,,65,,,,,,,23,,,,,,,,,42,,,,,,54,,,,,,,89,2022-07-06
1284,,,65,,,,,,,23,,,,,,,,,42,,,,,,54,,,,,,,89,2022-07-07
1285,,,65,,,,,,,23,,,,,,,,,42,,,,,,54,,,,,,,89,2022-07-08
1286,,,65,,,,,,,23,,,,,,,,,42,,,,,,54,,,,,,,89,2022-07-09
1287,,,65,,,,,,,23,,,,,,,,,42,,,,,,54,,,,,,,89,2022-07-10
1288,,,65,,,,,,,23,,,,,,,,,42,,,,,,54,,,,,,,89,2022-07-11
1289,,,65,,,,,,,23,,,,,,,,,42,,,,,,54,,,,,,,89,2022-07-12
1290,,,65,,,,,,,23,,,,,,,,,42,,,,,,54,,,,,,,89,2022-07-13
1291,,,65,,,,,,,23,,,,,,,,,42,,,,,,54,,,,,,,89,2022-07-14
1292,,,65,,,,,,,23,,,,,,,,,42,,,,,,54,,,,,,,89,2022-07-15
1293,,,65,,,,,,,23,,,,,,,,,42,,,,,,54,,,,,,,89,2022-07-16
1294,,,65,,,,,,,23,,,,,,,,,42,,,,,,54,,,,,,,89,2022-07-17
1295,,,65,,,,,,,23,,,,,,,,,42,,,,,,54,,,,,,,89,2022-07-18
1296,,,65,,,,,,,23,,,,,,,,,42,,,,,,54,,,,,,,89,2022-07-19
1297,,,65,,,,,,,23,,,,,,,,,42,,,,,,54,,,,,,,89,2022-07-20
1298,,,65,,,,,,,23,,,,,,,,,42,,,,,,54,,,,,,,89,2022-07-21
1299,,,65,,,,,,,23,,,,,,,,,42,,,,,,54,,,,,,,89,2022-07-22
1300,,,65,,,,,,,23,,,,,,,,,42,,,,,,54,,,,,,,89,2022-07-23
1301,,,65,,,,,,,23,,,,,,,,,42,,,,,,54,,,,,,,89,2022-07-24
1302,,,65,,,,,,,23,,,,,,,,,42,,,,,,54,,,,,,,89,2022-07-25
1303,,,65,,,,,,,23,,,,,,,,,42,,,,,,54,,,,,,,89,2022-07-26
1304,,,65,,,,,,,23,,,,,,,,,42,,,,,,54,,,,,,,89,2022-07-27
1305,,,65,,,,,,,23,,,,,,,,,42,,,,,,54,,,,,,,89,2022-07-28
1306,,,65,,,,,,,23,,,,,,,,,42,,,,,,54,,,,,,,89,2022-07-29
1307,,,65,,,,,,,23,,,,,,,,,42,,,,,,54,,,,,,,89,2022-07-30
1308,,,65,,,,,,,23,,,,,,,,,42,,,,,,54,,,,,,,89,2022-07-31
1309,,,65,,,,,,,23,,,,,,,,,42,,,,,,54,,,,,,,89,2022-08-01
1310,,,65,,,,,,,23,,,,,,,,,42,,,,,,54,,,,,,,89,2022-08-02
1311,,,65,,,,,,,23,,,,,,,,,42,,,,,,54,,,,,,,89,2022-08-03
1312,,,65,,,,,,,23,,,,,,,,,42,,,,,,54,,,,,,,89,2022-08-04
1313,,,65,,,,,,,23,,,,,,,,,42,,,,,,54,,,,,,,89,2022-08-05
1314,,,65,,,,,,,23,,,,,,,,,42,,,,,,54,,,,,,,89,2022-08-06
1315,,,65,,,,,,,23,,,,,,,,,42,,,,,,54,,,,,,,89,2022-08-07
1316,,,65,,,,,,,23,,,,,,,,,42,,,,,,54,,,,,,,89,2022-08-08
1317,,,65,,,,,,,23,,,,,,,,,42,,,,,,54,,,,,,,89,2022-08-09
1318,,,65,,,,,,,23,,,,,,,,,42,,,,,,54,,,,,,,89,2022-08-10
1319,,,65,,,,,,,23,,,,,,,,,42,,,,,,54,,,,,,,89,2022-08-11
1320,,,65,,,,,,,23,,,,,,,,,42,,,,,,54,,,,,,,89,2022-08-12
1321,,,65,,,,,,,23,,,,,,,,,42,,,,,,54,,,,,,,89,2022-08-13
1322,,,65,,,,,,,23,,,,,,,,,42,,,,,,54,,,,,,,89,2022-08-14
1323,,,65,,,,,,,23,,,,,,,,,42,,,,,,54,,,,,,,89,2022-08-15
1324,,,65,,,,,,,23,,,,,,,,,42,,,,,,54,,,,,,,89,2022-08-16
1325,,,65,,,,,,,23,,,,,,,,,42,,,,,,54,,,,,,,89,2022-08-17
1326,,,65,,,,,,,23,,,,,,,,,42,,,,,,54,,,,,,,89,2022-08-18
1327,,,65,,,,,,,23,,,,,,,,,42,,,,,,54,,,,,,,89,2022-08-19
1328,,,65,,,,,,,23,,,,,,,,,42,,,,,,54,,,,,,,89,2022-08-20
1329,,,65,,,,,,,23,,,,,,,,,42,,,,,,54,,,,,,,89,2022-08-21
1330,,,65,,,,,,,23,,,,,,,,,42,,,,,,54,,,,,,,89,2022-08-22
1331,,,65,,,,,,,23,,,,,,,,,42,,,,,,54,,,,,,,89,2022-08-23
1332,,,65,,,,,,,23,,,,,,,,,42,,,,,,54,,,,,,,89,2022-08-24
1333,,,65,,,,,,,23,,,,,,,,,42,,,,,,54,,,,,,,89,2022-08-25
1334,,,65,,,,,,,23,,,,,,,,,42,,,,,,54,,,,,,,89,2022-08-26
1335,,,65,,,,,,,23,,,,,,,,,42,,,,,,54,,,,,,,89,2022-08-27
1336,,,65,,,,,,,23,,,,,,,,,42,,,,,,54,,,,,,,89,2022-08-28
1337,,,65,,,,,,,23,,,,,,,,,42,,,,,,54,,,,,,,89,2022-08-29
1338,,,65,,,,,,,23,,,,,,,,,42,,,,,,54,,,,,,,89,2022-08-30
1339,,,65,,,,,,,23,,,,,,,,,42,,,,,,54,,,,,,,89,2022-08-31
1340,,,65,,,,,,,23,,,,,,,,,42,,,,,,54,,,,,,,89,2022-09-01
1341,,,65,,,,,,,23,,,,,,,,,42,,,,,,54,,,,,,,89,2022-09-02
1342,,,65,,,,,,,23,,,,,,,,,42,,,,,,54,,,,,,,89,2022-09-03
1343,,,65,,,,,,,23,,,,,,,,,42,,,,,,54,,,,,,,89,2022-09-04
1344,,,65,,,,,,,23,,,,,,,,,42,,,,,,54,,,,,,,89,2022-09-05
1345,,,65,,,,,,,23,,,,,,,,,42,,,,,,54,,,,,,,89,2022-09-06
1346,,,65,,,,,,,23,,,,,,,,,42,,,,,,54,,,,,,,89,2022-09-07
1347,,,65,,,,,,,23,,,,,,,,,42,,,,,,54,,,,,,,89,2022-09-08
1348,,,65,,,,,,,23,,,,,,,,,42,,,,,,54,,,,,,,89,2022-09-09
1349,,,65,,,,,,,23,,,,,,,,,42,,,,,,54,,,,,,,89,2022-09-10
1350,,,65,,,,,,,23,,,,,,,,,42,,,,,,54,,,,,,,89,2022-09-11
1351,,,65,,,,,,,23,,,,,,,,,42,,,,,,54,,,,,,,89,2022-09-12
1352,,,65,,,,,,,23,,,,,,,,,42,,,,,,54,,,,,,,89,2022-09-13
1353,,,65,,,,,,,23,,,,,,,,,42,,,,,,54,,,,,,,89,2022-09-14
1354,,,65,,,,,,,23,,,,,,,,,42,,,,,,54,,,,,,,89,2022-09-15
1355,,,65,,,,,,,23,,,,,,,,,42,,,,,,54,,,,,,,89,2022-09-16
1356,,,65,,,,,,,23,,,,,,,,,42,,,,,,54,,,,,,,89,2022-09-17
1357,,,65,,,,,,,23,,,,,,,,,42,,,,,,54,,,,,,,89,2022-09-18
1358,,,65,,,,,,,23,,,,,,,,,42,,,,,,54,,,,,,,89,2022-09-19
1359,,,65,,,,,,,23,,,,,,,,,42,,,,,,54,,,,,,,89,2022-09-20
1360,,,65,,,,,,,23,,,,,,,,,42,,,,,,54,,,,,,,89,2022-09-21
1361,,,65,,,,,,,23,,,,,,,,,42,,,,,,54,,,,,,,89,2022-09-22
1362,,,65,,,,,,,23,,,,,,,,,42,,,,,,54,,,,,,,89,2022-09-23
1363,,,65,,,,,,,23,,,,,,,,,42,,,,,,54,,,,,,,89,2022-09-24
1364,,,65,,,,,,,23,,,,,,,,,42,,,,,,54,,,,,,,89,2022-09-25
1365,,,65,,,,,,,23,,,,,,,,,42,,,,,,54,,,,,,,89,2022-09-26
1366,,,65,,,,,,,23,,,,,,,,,42,,,,,,54,,,,,,,89,2022-09-27
1367,,,65,,,,,,,23,,,,,,,,,42,,,,,,54,,,,,,,89,2022-09-28
1368,,,65,,,,,,,23,,,,,,,,,42,,,,,,54,,,,,,,89,2022-09-29
1369,,,65,,,,,,,23,,,,,,,,,42,,,,,,54,,,,,,,89,2022-09-30
1370,,,65,,,,,,,23,,,,,,,,,42,,,,,,54,,,,,,,89,2022-10-01
1371,,,65,,,,,,,23,,,,,,,,,42,,,,,,54,,,,,,,89,2022-10-02
1372,,,65,,,,,,,23,,,,,,,,,42,,,,,,54,,,,,,,89,2022-10-03
1373,,,65,,,,,,,23,,,,,,,,,42,,,,,,54,,,,,,,89,2022-10-04
1374,,,65,,,,,,,23,,,,,,,,,42,,,,,,54,,,,,,,89,2022-10-05
1375,,,65,,,,,,,23,,,,,,,,,42,,,,,,54,,,,,,,89,2022-10-06
1376,,,65,,,,,,,23,,,,,,,,,42,,,,,,54,,,,,,,89,2022-10-07
1377,,,65,,,,,,,23,,,,,,,,,42,,,,,,54,,,,,,,89,2022-10-08
1378,,,65,,,,,,,23,,,,,,,,,42,,,,,,54,,,,,,,89,2022-10-09
1379,,,65,,,,,,,23,,,,,,,,,42,,,,,,54,,,,,,,89,2022-10-10
1380,,,65,,,,,,,23,,,,,,,,,42,,,,,,54,,,,,,,89,2022-10-11
1381,,,65,,,,,,,23,,,,,,,,,42,,,,,,54,,,,,,,89,2022-10-12
1382,,,65,,,,,,,23,,,,,,,,,42,,,,,,54,,,,,,,89,2022-10-13
1383,,,65,,,,,,,23,,,,,,,,,42,,,,,,54,,,,,,,89,2022-10-14
1384,,,65,,,,,,,23,,,,,,,,,42,,,,,,54,,,,,,,89,2022-10-15
1385,,,65,,,,,,,23,,,,,,,,,42,,,,,,54,,,,,,,89,2022-10-16
1386,,,65,,,,,,,23,,,,,,,,,42,,,,,,54,,,,,,,89,2022-10-17
1387,,,65,,,,,,,23,,,,,,,,,42,,,,,,54,,,,,,,89,2022-10-18
1388,,,65,,,,,,,23,,,,,,,,,42,,,,,,54,,,,,,,89,2022-10-19
1389,,,65,,,,,,,23,,,,,,,,,42,,,,,,54,,,,,,,89,2022-10-20
1390,,,65,,,,,,,23,,,,,,,,,42,,,,,,54,,,,,,,89,2022-10-21
1391,,,65,,,,,,,23,,,,,,,,,42,,,,,,54,,,,,,,89,2022-10-22
1392,,,65,,,,,,,23,,,,,,,,,42,,,,,,54,,,,,,,89,2022-10-23
1393,,,65,,,,,,,23,,,,,,,,,42,,,,,,54,,,,,,,89,2022-10-24
1394,,,65,,,,,,,23,,,,,,,,,42,,,,,,54,,,,,,,89,2022-10-25
1395,,,65,,,,,,,23,,,,,,,,,42,,,,,,54,,,,,,,89,2022-10-26
1396,,,65,,,,,,,23,,,,,,,,,42,,,,,,54,,,,,,,89,2022-10-27
1397,,,65,,,,,,,23,,,,,,,,,42,,,,,,54,,,,,,,89,2022-10-28
1398,,,65,,,,,,,23,,,,,,,,,42,,,,,,54,,,,,,,89,2022-10-29
1399,,,65,,,,,,,23,,,,,,,,,42,,,,,,54,,,,,,,89,2022-10-30
1400,,,65,,,,,,,23,,,,,,,,,42,,,,,,54,,,,,,,89,2022-10-31
1401,,,65,,,,,,,23,,,,,,,,,42,,,,,,54,,,,,,,89,2022-11-01
1402,,,65,,,,,,,23,,,,,,,,,42,,,,,,54,,,,,,,89,2022-11-02
1403,,,65,,,,,,,23,,,,,,,,,42,,,,,,54,,,,,,,89,2022-11-03
1404,,,65,,,,,,,23,,,,,,,,,42,,,,,,54,,,,,,,89,2022-11-04
1405,,,65,,,,,,,23,,,,,,,,,42,,,,,,54,,,,,,,89,2022-11-05
1406,,,65,,,,,,,23,,,,,,,,,42,,,,,,54,,,,,,,89,2022-11-06
1407,,,65,,,,,,,23,,,,,,,,,42,,,,,,54,,,,,,,89,2022-11-07
1408,,,65,,,,,,,23,,,,,,,,,42,,,,,,54,,,,,,,89,2022-11-08
1409,,,65,,,,,,,23,,,,,,,,,42,,,,,,54,,,,,,,89,2022-11-09
1410,,,65,,,,,,,23,,,,,,,,,42,,,,,,54,,,,,,,89,2022-11-10
1411,,,65,,,,,,,23,,,,,,,,,42,,,,,,54,,,,,,,89,2022-11-11
1412,,,65,,,,,,,23,,,,,,,,,42,,,,,,54,,,,,,,89,2022-11-12
1413,,,65,,,,,,,23,,,,,,,,,42,,,,,,54,,,,,,,89,2022-11-13
1414,,,65,,,,,,,23,,,,,,,,,42,,,,,,54,,,,,,,89,2022-11-14
1415,,,65,,,,,,,23,,,,,,,,,42,,,,,,54,,,,,,,89,2022-11-15
1416,,,65,,,,,,,23,,,,,,,,,42,,,,,,54,,,,,,,89,2022-11-16
1417,,,65,,,,,,,23,,,,,,,,,42,,,,,,54,,,,,,,89,2022-11-17
1418,,,65,,,,,,,23,,,,,,,,,42,,,,,,54,,,,,,,89,2022-11-18
1419,,,65,,,,,,,23,,,,,,,,,42,,,,,,54,,,,,,,89,2022-11-19
1420,,,65,,,,,,,23,,,,,,,,,42,,,,,,54,,,,,,,89,2022-11-20
1421,,,65,,,,,,,23,,,,,,,,,42,,,,,,54,,,,,,,89,2022-11-21
1422,,,65,,,,,,,23,,,,,,,,,42,,,,,,54,,,,,,,89,2022-11-22
1423,,,65,,,,,,,23,,,,,,,,,42,,,,,,54,,,,,,,89,2022-11-23
1424,,,65,,,,,,,23,,,,,,,,,42,,,,,,54,,,,,,,89,2022-11-24
1425,,,65,,,,,,,23,,,,,,,,,42,,,,,,54,,,,,,,89,2022-11-25
1426,,,65,,,,,,,23,,,,,,,,,42,,,,,,54,,,,,,,89,2022-11-26
1427,,,65,,,,,,,23,,,,,,,,,42,,,,,,54,,,,,,,89,2022-11-27
1428,,,65,,,,,,,23,,,,,,,,,42,,,,,,54,,,,,,,89,2022-11-28
1429,,,65,,,,,,,23,,,,,,,,,42,,,,,,54,,,,,,,89,2022-11-29
1430,,,65,,,,,,,23,,,,,,,,,42,,,,,,54,,,,,,,89,2022-11-30
1431,,,65,,,,,,,23,,,,,,,,,42,,,,,,54,,,,,,,89,2022-12-01
1432,,,65,,,,,,,23,,,,,,,,,42,,,,,,54,,,,,,,89,2022-12-02
1433,,,65,,,,,,,23,,,,,,,,,42,,,,,,54,,,,,,,89,2022-12-03
1434,,,65,,,,,,,23,,,,,,,,,42,,,,,,54,,,,,,,89,2022-12-04
1435,,,65,,,,,,,23,,,,,,,,,42,,,,,,54,,,,,,,89,2022-12-05
1436,,,65,,,,,,,23,,,,,,,,,42,,,,,,54,,,,,,,89,2022-12-06
1437,,,65,,,,,,,23,,,,,,,,,42,,,,,,54,,,,,,,89,2022-12-07
1438,,,65,,,,,,,23,,,,,,,,,42,,,,,,54,,,,,,,89,2022-12-08
1439,,,65,,,,,,,23,,,,,,,,,42,,,,,,54,,,,,,,89,2022-12-09
1440,,,65,,,,,,,23,,,,,,,,,42,,,,,,54,,,,,,,89,2022-12-10
1441,,,65,,,,,,,23,,,,,,,,,42,,,,,,54,,,,,,,89,2022-12-11
1442,,,65,,,,,,,23,,,,,,,,,42,,,,,,54,,,,,,,89,2022-12-12
1443,,,65,,,,,,,23,,,,,,,,,42,,,,,,54,,,,,,,89,2022-12-13
1444,,,65,,,,,,,23,,,,,,,,,42,,,,,,54,,,,,,,89,2022-12-14
1445,,,65,,,,,,,23,,,,,,,,,42,,,,,,54,,,,,,,89,2022-12-15
1446,,,65,,,,,,,23,,,,,,,,,42,,,,,,54,,,,,,,89,2022-12-16
1447,,,65,,,,,,,23,,,,,,,,,42,,,,,,54,,,,,,,89,2022-12-17
1448,,,65,,,,,,,23,,,,,,,,,42,,,,,,54,,,,,,,89,2022-12-18
1449,,,65,,,,,,,23,,,,,,,,,42,,,,,,54,,,,,,,89,2022-12-19
1450,,,65,,,,,,,23,,,,,,,,,42,,,,,,54,,,,,,,89,2022-12-20
1451,,,65,,,,,,,23,,,,,,,,,42,,,,,,54,,,,,,,89,2022-12-21
1452,,,65,,,,,,,23,,,,,,,,,42,,,,,,54,,,,,,,89,2022-12-22
1453,,,65,,,,,,,23,,,,,,,,,42,,,,,,54,,,,,,,89,2022-12-23
1454,,,65,,,,,,,23,,,,,,,,,42,,,,,,54,,,,,,,89,2022-12-24
1455,,,65,,,,,,,23,,,,,,,,,42,,,,,,54,,,,,,,89,2022-12-25
1456,,,65,,,,,,,23,,,,,,,,,42,,,,,,54,,,,,,,89,2022-12-26
1457,,,65,,,,,,,23,,,,,,,,,42,,,,,,54,,,,,,,89,2022-12-27
1458,,,65,,,,,,,23,,,,,,,,,42,,,,,,54,,,,,,,89,2022-12-28
1459,,,65,,,,,,,23,,,,,,,,,42,,,,,,54,,,,,,,89,2022-12-29
1460,,,65,,,,,,,23,,,,,,,,,42,,,,,,54,,,,,,,89,2022-12-30
1461,,,65,,,,,,,23,,,,,,,,,42,,,,,,54,,,,,,,89,2022-12-31
1462,,,65,,,,,,,23,,,,,,,,,42,,,,,,54,,,,,,,89,2023-01-01
1463,,,65,,,,,,,23,,,,,,,,,42,,,,,,54,,,,,,,89,2023-01-02
1464,,,65,,,,,,,23,,,,,,,,,42,,,,,,54,,,,,,,89,2023-01-03
1465,,,65,,,,,,,23,,,,,,,,,42,,,,,,54,,,,,,,89,2023-01-04
1466,,,65,,,,,,,23,,,,,,,,,42,,,,,,54,,,,,,,89,2023-01-05
1467,,,65,,,,,,,23,,,,,,,,,42,,,,,,54,,,,,,,89,2023-01-06
1468,,,65,,,,,,,23,,,,,,,,,42,,,,,,54,,,,,,,89,2023-01-07
1469,,,65,,,,,,,23,,,,,,,,,42,,,,,,54,,,,,,,89,2023-01-08
1470,,,65,,,,,,,23,,,,,,,,,42,,,,,,54,,,,,,,89,2023-01-09
1471,,,65,,,,,,,23,,,,,,,,,42,,,,,,54,,,,,,,89,2023-01-10
1472,,,65,,,,,,,23,,,,,,,,,42,,,,,,54,,,,,,,89,2023-01-11
1473,,,65,,,,,,,23,,,,,,,,,42,,,,,,54,,,,,,,89,2023-01-12
1474,,,65,,,,,,,23,,,,,,,,,42,,,,,,54,,,,,,,89,2023-01-13
1475,,,65,,,,,,,23,,,,,,,,,42,,,,,,54,,,,,,,89,2023-01-14
1476,,,65,,,,,,,23,,,,,,,,,42,,,,,,54,,,,,,,89,2023-01-15
1477,,,65,,,,,,,23,,,,,,,,,42,,,,,,54,,,,,,,89,2023-01-16
1478,,,65,,,,,,,23,,,,,,,,,42,,,,,,54,,,,,,,89,2023-01-17
1479,,,65,,,,,,,23,,,,,,,,,42,,,,,,54,,,,,,,89,2023-01-18
1480,,,65,,,,,,,23,,,,,,,,,42,,,,,,54,,,,,,,89,2023-01-19
1481,,,65,,,,,,,23,,,,,,,,,42,,,,,,54,,,,,,,89,2023-01-20
1482,,,65,,,,,,,23,,,,,,,,,42,,,,,,54,,,,,,,89,2023-01-21
1483,,,65,,,,,,,23,,,,,,,,,42,,,,,,54,,,,,,,89,2023-01-22
1484,,,65,,,,,,,23,,,,,,,,,42,,,,,,54,,,,,,,89,2023-01-23
1485,,,65,,,,,,,23,,,,,,,,,42,,,,,,54,,,,,,,89,2023-01-24
1486,,,65,,,,,,,23,,,,,,,,,42,,,,,,54,,,,,,,89,2023-01-25
1487,,,65,,,,,,,23,,,,,,,,,42,,,,,,54,,,,,,,89,2023-01-26
1488,,,65,,,,,,,23,,,,,,,,,42,,,,,,54,,,,,,,89,2023-01-27
1489,,,65,,,,,,,23,,,,,,,,,42,,,,,,54,,,,,,,89,2023-01-28
1490,,,65,,,,,,,23,,,,,,,,,42,,,,,,54,,,,,,,89,2023-01-29
1491,,,65,,,,,,,23,,,,,,,,,42,,,,,,54,,,,,,,89,2023-01-30
1492,,,65,,,,,,,23,,,,,,,,,42,,,,,,54,,,,,,,89,2023-01-31
1493,,,65,,,,,,,23,,,,,,,,,42,,,,,,54,,,,,,,89,2023-02-01
1494,,,65,,,,,,,23,,,,,,,,,42,,,,,,54,,,,,,,89,2023-02-02
1495,,,65,,,,,,,23,,,,,,,,,42,,,,,,54,,,,,,,89,2023-02-03
1496,,,65,,,,,,,23,,,,,,,,,42,,,,,,54,,,,,,,89,2023-02-04
1497,,,65,,,,,,,23,,,,,,,,,42,,,,,,54,,,,,,,89,2023-02-05
1498,,,65,,,,,,,23,,,,,,,,,42,,,,,,54,,,,,,,89,2023-02-06
1499,,,65,,,,,,,23,,,,,,,,,42,,,,,,54,,,,,,,89,2023-02-07
1500,,,65,,,,,,,23,,,,,,,,,42,,,,,,54,,,,,,,89,2023-02-08
1501,,,65,,,,,,,23,,,,,,,,,42,,,,,,54,,,,,,,89,2023-02-09
1502,,,65,,,,,,,23,,,,,,,,,42,,,,,,54,,,,,,,89,2023-02-10
1503,,,65,,,,,,,23,,,,,,,,,42,,,,,,54,,,,,,,89,2023-02-11
1504,,,65,,,,,,,23,,,,,,,,,42,,,,,,54,,,,,,,89,2023-02-12
1505,,,65,,,,,,,23,,,,,,,,,42,,,,,,54,,,,,,,89,2023-02-13
1506,,,65,,,,,,,23,,,,,,,,,42,,,,,,54,,,,,,,89,2023-02-14
1507,,,65,,,,,,,23,,,,,,,,,42,,,,,,54,,,,,,,89,2023-02-15
1508,,,65,,,,,,,23,,,,,,,,,42,,,,,,54,,,,,,,89,2023-02-16
1509,,,65,,,,,,,23,,,,,,,,,42,,,,,,54,,,,,,,89,2023-02-17
1510,,,65,,,,,,,23,,,,,,,,,42,,,,,,54,,,,,,,89,2023-02-18
1511,,,65,,,,,,,23,,,,,,,,,42,,,,,,54,,,,,,,89,2023-02-19
1512,,,65,,,,,,,23,,,,,,,,,42,,,,,,54,,,,,,,89,2023-02-20
1513,,,65,,,,,,,23,,,,,,,,,42,,,,,,54,,,,,,,89,2023-02-21
1514,,,65,,,,,,,23,,,,,,,,,42,,,,,,54,,,,,,,89,2023-02-22
1515,,,65,,,,,,,23,,,,,,,,,42,,,,,,54,,,,,,,89,2023-02-23
1516,,,65,,,,,,,23,,,,,,,,,42,,,,,,54,,,,,,,89,2023-02-24
1517,,,65,,,,,,,23,,,,,,,,,42,,,,,,54,,,,,,,89,2023-02-25
1518,,,65,,,,,,,23,,,,,,,,,42,,,,,,54,,,,,,,89,2023-02-26
1519,,,65,,,,,,,23,,,,,,,,,42,,,,,,54,,,,,,,89,2023-02-27
1520,,,65,,,,,,,23,,,,,,,,,42,,,,,,54,,,,,,,89,2023-02-28
1521,,,65,,,,,,,23,,,,,,,,,42,,,,,,54,,,,,,,89,2023-03-01
1522,,,65,,,,,,,23,,,,,,,,,42,,,,,,54,,,,,,,89,2023-03-02
1523,,,65,,,,,,,23,,,,,,,,,42,,,,,,54,,,,,,,89,2023-03-03
1524,,,65,,,,,,,23,,,,,,,,,42,,,,,,54,,,,,,,89,2023-03-04
1525,,,65,,,,,,,23,,,,,,,,,42,,,,,,54,,,,,,,89,2023-03-05
1526,,,65,,,,,,,23,,,,,,,,,42,,,,,,54,,,,,,,89,2023-03-06
1527,,,65,,,,,,,23,,,,,,,,,42,,,,,,54,,,,,,,89,2023-03-07
1528,,,65,,,,,,,23,,,,,,,,,42,,,,,,54,,,,,,,89,2023-03-08
1529,,,65,,,,,,,23,,,,,,,,,42,,,,,,54,,,,,,,89,2023-03-09
1530,,,65,,,,,,,23,,,,,,,,,42,,,,,,54,,,,,,,89,2023-03-10
1531,,,65,,,,,,,23,,,,,,,,,42,,,,,,54,,,,,,,89,2023-03-11
1532,,,65,,,,,,,23,,,,,,,,,42,,,,,,54,,,,,,,89,2023-03-12
1533,,,65,,,,,,,23,,,,,,,,,42,,,,,,54,,,,,,,89,2023-03-13
1534,,,65,,,,,,,23,,,,,,,,,42,,,,,,54,,,,,,,89,2023-03-14
1535,,,65,,,,,,,23,,,,,,,,,42,,,,,,54,,,,,,,89,2023-03-15
1536,,,65,,,,,,,23,,,,,,,,,42,,,,,,54,,,,,,,89,2023-03-16
1537,,,65,,,,,,,23,,,,,,,,,42,,,,,,54,,,,,,,89,2023-03-17
1538,,,65,,,,,,,23,,,,,,,,,42,,,,,,54,,,,,,,89,2023-03-18
1539,,,65,,,,,,,23,,,,,,,,,42,,,,,,54,,,,,,,89,2023-03-19
1540,,,65,,,,,,,23,,,,,,,,,42,,,,,,54,,,,,,,89,2023-03-20
1541,,,65,,,,,,,23,,,,,,,,,42,,,,,,54,,,,,,,89,2023-03-21
1542,,,65,,,,,,,23,,,,,,,,,42,,,,,,54,,,,,,,89,2023-03-22
1543,,,65,,,,,,,23,,,,,,,,,42,,,,,,54,,,,,,,89,2023-03-23
1544,,,65,,,,,,,23,,,,,,,,,42,,,,,,54,,,,,,,89,2023-03-24
1545,,,65,,,,,,,23,,,,,,,,,42,,,,,,54,,,,,,,89,2023-03-25
1546,,,65,,,,,,,23,,,,,,,,,42,,,,,,54,,,,,,,89,2023-03-26
1547,,,65,,,,,,,23,,,,,,,,,42,,,,,,54,,,,,,,89,2023-03-27
1548,,,65,,,,,,,23,,,,,,,,,42,,,,,,54,,,,,,,89,2023-03-28
1549,,,65,,,,,,,23,,,,,,,,,42,,,,,,54,,,,,,,89,2023-03-29
1550,,,65,,,,,,,23,,,,,,,,,42,,,,,,54,,,,,,,89,2023-03-30
1551,,,65,,,,,,,23,,,,,,,,,42,,,,,,54,,,,,,,89,2023-03-31
1552,,,65,,,,,,,23,,,,,,,,,42,,,,,,54,,,,,,,89,2023-04-01
1553,,,65,,,,,,,23,,,,,,,,,42,,,,,,54,,,,,,,89,2023-04-02
1554,,,65,,,,,,,23,,,,,,,,,42,,,,,,54,,,,,,,89,2023-04-03
1555,,,65,,,,,,,23,,,,,,,,,42,,,,,,54,,,,,,,89,2023-04-04
1556,,,65,,,,,,,23,,,,,,,,,42,,,,,,54,,,,,,,89,2023-04-05
1557,,,65,,,,,,,23,,,,,,,,,42,,,,,,54,,,,,,,89,2023-04-06
1558,,,65,,,,,,,23,,,,,,,,,42,,,,,,54,,,,,,,89,2023-04-07
1559,,,65,,,,,,,23,,,,,,,,,42,,,,,,54,,,,,,,89,2023-04-08
1560,,,65,,,,,,,23,,,,,,,,,42,,,,,,54,,,,,,,89,2023-04-09
1561,,,65,,,,,,,23,,,,,,,,,42,,,,,,54,,,,,,,89,2023-04-10
1562,,,65,,,,,,,23,,,,,,,,,42,,,,,,54,,,,,,,89,2023-04-11
1563,,,65,,,,,,,23,,,,,,,,,42,,,,,,54,,,,,,,89,2023-04-12
1564,,,65,,,,,,,23,,,,,,,,,42,,,,,,54,,,,,,,89,2023-04-13
1565,,,65,,,,,,,23,,,,,,,,,42,,,,,,54,,,,,,,89,2023-04-14
1566,,,65,,,,,,,23,,,,,,,,,42,,,,,,54,,,,,,,89,2023-04-15
1567,,,65,,,,,,,23,,,,,,,,,42,,,,,,54,,,,,,,89,2023-04-16
1568,,,65,,,,,,,23,,,,,,,,,42,,,,,,54,,,,,,,89,2023-04-17
1569,,,65,,,,,,,23,,,,,,,,,42,,,,,,54,,,,,,,89,2023-04-18
1570,,,65,,,,,,,23,,,,,,,,,42,,,,,,54,,,,,,,89,2023-04-19
1571,,,65,,,,,,,23,,,,,,,,,42,,,,,,54,,,,,,,89,2023-04-20
1572,,,65,,,,,,,23,,,,,,,,,42,,,,,,54,,,,,,,89,2023-04-21
1573,,,65,,,,,,,23,,,,,,,,,42,,,,,,54,,,,,,,89,2023-04-22
1574,,,65,,,,,,,23,,,,,,,,,42,,,,,,54,,,,,,,89,2023-04-23
1575,,,65,,,,,,,23,,,,,,,,,42,,,,,,54,,,,,,,89,2023-04-24
1576,,,65,,,,,,,23,,,,,,,,,42,,,,,,54,,,,,,,89,2023-04-25
1577,,,65,,,,,,,23,,,,,,,,,42,,,,,,54,,,,,,,89,2023-04-26
1578,,,65,,,,,,,23,,,,,,,,,42,,,,,,54,,,,,,,89,2023-04-27
1579,,,65,,,,,,,23,,,,,,,,,42,,,,,,54,,,,,,,89,2023-04-28
1580,,,65,,,,,,,23,,,,,,,,,42,,,,,,54,,,,,,,89,2023-04-29
1581,,,65,,,,,,,23,,,,,,,,,42,,,,,,54,,,,,,,89,2023-04-30
1582,,,65,,,,,,,23,,,,,,,,,42,,,,,,54,,,,,,,89,2023-05-01
1583,,,65,,,,,,,23,,,,,,,,,42,,,,,,54,,,,,,,89,2023-05-02
1584,,,65,,,,,,,23,,,,,,,,,42,,,,,,54,,,,,,,89,2023-05-03
1585,,,65,,,,,,,23,,,,,,,,,42,,,,,,54,,,,,,,89,2023-05-04
1586,,,65,,,,,,,23,,,,,,,,,42,,,,,,54,,,,,,,89,2023-05-05
1587,,,65,,,,,,,23,,,,,,,,,42,,,,,,54,,,,,,,89,2023-05-06
1588,,,65,,,,,,,23,,,,,,,,,42,,,,,,54,,,,,,,89,2023-05-07
1589,,,65,,,,,,,23,,,,,,,,,42,,,,,,54,,,,,,,89,2023-05-08
1590,,,65,,,,,,,23,,,,,,,,,42,,,,,,54,,,,,,,89,2023-05-09
1591,,,65,,,,,,,23,,,,,,,,,42,,,,,,54,,,,,,,89,2023-05-10
1592,,,65,,,,,,,23,,,,,,,,,42,,,,,,54,,,,,,,89,2023-05-11
1593,,,65,,,,,,,23,,,,,,,,,42,,,,,,54,,,,,,,89,2023-05-12
1594,,,65,,,,,,,23,,,,,,,,,42,,,,,,54,,,,,,,89,2023-05-13
1595,,,65,,,,,,,23,,,,,,,,,42,,,,,,54,,,,,,,89,2023-05-14
1596,,,65,,,,,,,23,,,,,,,,,42,,,,,,54,,,,,,,89,2023-05-15
1597,,,65,,,,,,,23,,,,,,,,,42,,,,,,54,,,,,,,89,2023-05-16
1598,,,65,,,,,,,23,,,,,,,,,42,,,,,,54,,,,,,,89,2023-05-17
1599,,,65,,,,,,,23,,,,,,,,,42,,,,,,54,,,,,,,89,2023-05-18
1600,,,65,,,,,,,23,,,,,,,,,42,,,,,,54,,,,,,,89,2023-05-19
1601,,,65,,,,,,,23,,,,,,,,,42,,,,,,54,,,,,,,89,2023-05-20
1602,,,65,,,,,,,23,,,,,,,,,42,,,,,,54,,,,,,,89,2023-05-21
1603,,,65,,,,,,,23,,,,,,,,,42,,,,,,54,,,,,,,89,2023-05-22
1604,,,65,,,,,,,23,,,,,,,,,42,,,,,,54,,,,,,,89,2023-05-23
1605,,,65,,,,,,,23,,,,,,,,,42,,,,,,54,,,,,,,89,2023-05-24
1606,,,65,,,,,,,23,,,,,,,,,42,,,,,,54,,,,,,,89,2023-05-25
1607,,,65,,,,,,,23,,,,,,,,,42,,,,,,54,,,,,,,89,2023-05-26
1608,,,65,,,,,,,23,,,,,,,,,42,,,,,,54,,,,,,,89,2023-05-27
1609,,,65,,,,,,,23,,,,,,,,,42,,,,,,54,,,,,,,89,2023-05-28
1610,,,65,,,,,,,23,,,,,,,,,42,,,,,,54,,,,,,,89,2023-05-29
1611,,,65,,,,,,,23,,,,,,,,,42,,,,,,54,,,,,,,89,2023-05-30
1612,,,65,,,,,,,23,,,,,,,,,42,,,,,,54,,,,,,,89,2023-05-31
1613,,,65,,,,,,,23,,,,,,,,,42,,,,,,54,,,,,,,89,2023-06-01
1614,,,65,,,,,,,23,,,,,,,,,42,,,,,,54,,,,,,,89,2023-06-02
1615,,,65,,,,,,,23,,,,,,,,,42,,,,,,54,,,,,,,89,2023-06-03
1616,,,65,,,,,,,23,,,,,,,,,42,,,,,,54,,,,,,,89,2023-06-04
1617,,,65,,,,,,,23,,,,,,,,,42,,,,,,54,,,,,,,89,2023-06-05
1618,,,65,,,,,,,23,,,,,,,,,42,,,,,,54,,,,,,,89,2023-06-06
1619,,,65,,,,,,,23,,,,,,,,,42,,,,,,54,,,,,,,89,2023-06-07
1620,,,65,,,,,,,23,,,,,,,,,42,,,,,,54,,,,,,,89,2023-06-08
1621,,,65,,,,,,,23,,,,,,,,,42,,,,,,54,,,,,,,89,2023-06-09
1622,,,65,,,,,,,23,,,,,,,,,42,,,,,,54,,,,,,,89,2023-06-10
1623,,,65,,,,,,,23,,,,,,,,,42,,,,,,54,,,,,,,89,2023-06-11
1624,,,65,,,,,,,23,,,,,,,,,42,,,,,,54,,,,,,,89,2023-06-12
1625,,,65,,,,,,,23,,,,,,,,,42,,,,,,54,,,,,,,89,2023-06-13
1626,,,65,,,,,,,23,,,,,,,,,42,,,,,,54,,,,,,,89,2023-06-14
1627,,,65,,,,,,,23,,,,,,,,,42,,,,,,54,,,,,,,89,2023-06-15
1628,,,65,,,,,,,23,,,,,,,,,42,,,,,,54,,,,,,,89,2023-06-16
1629,,,65,,,,,,,23,,,,,,,,,42,,,,,,54,,,,,,,89,2023-06-17
1630,,,65,,,,,,,23,,,,,,,,,42,,,,,,54,,,,,,,89,2023-06-18
